ChrisFix,PUes1EvRjcKU4sY_UEavndBw,7.75M,https://www.youtube.com/channel/UCes1EvRjcKU4sY_UEavndBw
MotorTrend Channel,PUsAegdhiYLEoaFGuJFVrqFQ,6.63M,https://www.youtube.com/channel/UCsAegdhiYLEoaFGuJFVrqFQ
Donut Media,PUL6JmiMXKoXS6bpP1D3bk8g,5.02M,https://www.youtube.com/channel/UCL6JmiMXKoXS6bpP1D3bk8g
Hoonigan,PUXlfi8sf6cKGQ8sOd0-yRuw,4.34M,https://www.youtube.com/channel/UCXlfi8sf6cKGQ8sOd0-yRuw
Salomundo,PUu1Al_bQJxIWJv0OjW3eFlg,4.2M,https://www.youtube.com/channel/UCu1Al_bQJxIWJv0OjW3eFlg
Scotty Kilmer,PUuxpxCCevIlF-k-K5YU8XPA,4.17M,https://www.youtube.com/channel/UCuxpxCCevIlF-k-K5YU8XPA
TheStradman,PU21Kozr_K0yDM-VjoihG9Aw,3.18M,https://www.youtube.com/channel/UC21Kozr_K0yDM-VjoihG9Aw
Adam LZ,PUXIYLgIp6DYZHjmUUUXErmg,3.17M,https://www.youtube.com/channel/UCXIYLgIp6DYZHjmUUUXErmg
Jay Leno's Garage,PUQMELFlXQL38KPm8kM-4Adg,3.16M,https://www.youtube.com/channel/UCQMELFlXQL38KPm8kM-4Adg
1320video,PU0PXqiud6dbwOAk8RvslgpQ,3.07M,https://www.youtube.com/channel/UC0PXqiud6dbwOAk8RvslgpQ
Engineering Explained,PUlqhvGmHcvWL9w3R48t9QXQ,2.98M,https://www.youtube.com/channel/UClqhvGmHcvWL9w3R48t9QXQ
Car Buddies,PUJDLNZa-Y2FK47WEq9M97oA,2.89M,https://www.youtube.com/channel/UCJDLNZa-Y2FK47WEq9M97oA
DirtBike Lunatic,PUUsjtDtVf6qyxigW-30ww4w,2.42M,https://www.youtube.com/channel/UCUsjtDtVf6qyxigW-30ww4w
Kali Muscle,PUg_tz2iw7_-gf2xIL-DdM2g,2.37M,https://www.youtube.com/channel/UCg_tz2iw7_-gf2xIL-DdM2g
Shmee150,PUIRgR4iANHI2taJdz8hjwLw,2.26M,https://www.youtube.com/channel/UCIRgR4iANHI2taJdz8hjwLw
Vehicle Virgins,PUtS0JcoBgAIEjmifiip8IJg,2.21M,https://www.youtube.com/channel/UCtS0JcoBgAIEjmifiip8IJg
YOUCAR,PUW2OUlFrrWiZvSsZRwOYmNg,2.19M,https://www.youtube.com/channel/UCW2OUlFrrWiZvSsZRwOYmNg
Ford Motor Company,PUKA96UxTdgFBwGZMGZ-135w,2.13M,https://www.youtube.com/channel/UCKA96UxTdgFBwGZMGZ-135w
THE DRIVE,PU5rBpVgv83gYPZ593XwQUsA,1.93M,https://www.youtube.com/channel/UC5rBpVgv83gYPZ593XwQUsA
Tj Hunt,PULQJGvzJiYGhGAGvwodRL4A,1.93M,https://www.youtube.com/channel/UCLQJGvzJiYGhGAGvwodRL4A
Tesla,PU5WjFrtBdufl6CZojX3D8dQ,1.91M,https://www.youtube.com/channel/UC5WjFrtBdufl6CZojX3D8dQ
Tavarish,PUvAhDxNNUDhi78tMXVGBUaQ,1.86M,https://www.youtube.com/channel/UCvAhDxNNUDhi78tMXVGBUaQ
AMMO NYC,PUYsa8SOy3TkoxI5D17s1u-w,1.73M,https://www.youtube.com/channel/UCYsa8SOy3TkoxI5D17s1u-w
Salomondrin,PUiGMIk8oeayv91jjTgm-CIw,1.64M,https://www.youtube.com/channel/UCiGMIk8oeayv91jjTgm-CIw
CAR TV,PUs_gcVRMHEx5mVXfQ7icQTg,1.65M,https://www.youtube.com/channel/UCs_gcVRMHEx5mVXfQ7icQTg
WHAT'S INSIDE? FAMILY,PUXgoURISTjifYA7CG55xpkA,1.61M,https://www.youtube.com/channel/UCXgoURISTjifYA7CG55xpkA
EricTheCarGuy,PU_q-UNDJeEBSHqKzAP_8x_A,1.57M,https://www.youtube.com/channel/UC_q-UNDJeEBSHqKzAP_8x_A
Hagerty,PULgEVx4mzk3T3mzgbKG54Eg,1.56M,https://www.youtube.com/channel/UCLgEVx4mzk3T3mzgbKG54Eg
JackUltraMotive,PU8K5GixLedebI8QGFEgtPKA,1.53M,https://www.youtube.com/channel/UC8K5GixLedebI8QGFEgtPKA
Ken Block,PUpCJ0y-_y03qPlG4zrYAAvQ,1.5M,https://www.youtube.com/channel/UCpCJ0y-_y03qPlG4zrYAAvQ
B is for Build,PUl4-WBRqWA2MlxmZorKOV7w,1.45M,https://www.youtube.com/channel/UCl4-WBRqWA2MlxmZorKOV7w
Cowbelly Studios,PU-j3S3cIXZSzzCkJhJW9_eg,1.44M,https://www.youtube.com/channel/UC-j3S3cIXZSzzCkJhJW9_eg
VINwiki,PUefl-5pmhZmljwZTE2KrcdA,1.4M,https://www.youtube.com/channel/UCefl-5pmhZmljwZTE2KrcdA
That Racing Channel,PUgF0OC_3MlW2KEyhhAgIQjA,1.35M,https://www.youtube.com/channel/UCgF0OC_3MlW2KEyhhAgIQjA
Saabkyle04,PU2dBZuI6gS-jv7PCIDXkXag,1.29M,https://www.youtube.com/channel/UC2dBZuI6gS-jv7PCIDXkXag
1A Auto: Repair Tips & Secrets Only Mechanics Know,PUVvE8kQTuZEykvMFZBVzftg,1.3M,https://www.youtube.com/channel/UCVvE8kQTuZEykvMFZBVzftg
Do It With Dan,PUrAmAHSuRHtlZx8zTW3Au9Q,1.27M,https://www.youtube.com/channel/UCrAmAHSuRHtlZx8zTW3Au9Q
DIY Garage,PUoV2Qw0sL-ApYQ62k-88K1w,1.27M,https://www.youtube.com/channel/UCoV2Qw0sL-ApYQ62k-88K1w
Westen Champlin,PUhRlaISXbl2gECFAmDzxgzg,1.29M,https://www.youtube.com/channel/UChRlaISXbl2gECFAmDzxgzg
Sergey322,PUw_RjsC04YQuoVCMi_hisnQ,1.22M,https://www.youtube.com/channel/UCw_RjsC04YQuoVCMi_hisnQ
JR Garage,PUeTagg7gemi1jhFKhY6gcNw,1.22M,https://www.youtube.com/channel/UCeTagg7gemi1jhFKhY6gcNw
Manny Khoshbin,PUJmo2vO5Fsj8xKGcoCmBJvg,1.18M,https://www.youtube.com/channel/UCJmo2vO5Fsj8xKGcoCmBJvg
throtl,PUCwfRj2zwwmPfphv4Hh9weQ,1.16M,https://www.youtube.com/channel/UCCwfRj2zwwmPfphv4Hh9weQ
Stauffer Garage,PU6f1N1Cg__5Ex0aWBUZeYGg,1.15M,https://www.youtube.com/channel/UC6f1N1Cg__5Ex0aWBUZeYGg
Street Speed 717,PUa9MHqAoA-8KeNm8pgShRaw,1.15M,https://www.youtube.com/channel/UCa9MHqAoA-8KeNm8pgShRaw
ThatDudeinBlue,PUvLaRcvwQq4RCX-ER_zEG5w,1.14M,https://www.youtube.com/channel/UCvLaRcvwQq4RCX-ER_zEG5w
Grind Hard Plumbing Co,PUivi_f1nniBzEOfKhRoN12Q,1.15M,https://www.youtube.com/channel/UCivi_f1nniBzEOfKhRoN12Q
Cars Garage,PUgV6iVN6IdBvGXD3tqoUmKA,1.14M,https://www.youtube.com/channel/UCgV6iVN6IdBvGXD3tqoUmKA
Crown Rick Auto,PUxTvi9sgL7O-5IcOMRSLz7Q,1.13M,https://www.youtube.com/channel/UCxTvi9sgL7O-5IcOMRSLz7Q
Samcrac,PUtn2hU9HKYQAgDtwrhux7Sw,1.11M,https://www.youtube.com/channel/UCtn2hU9HKYQAgDtwrhux7Sw
