The Tonight Show Starring Jimmy Fallon,PU8-Th83bH_thdKZDJCrn88g,27.6M,https://www.youtube.com/channel/UC8-Th83bH_thdKZDJCrn88g
Smosh,PUY30JRSgfhYXA6i6xX1erWg,25.1M,https://www.youtube.com/channel/UCY30JRSgfhYXA6i6xX1erWg
JennaMarbles,PU9gFih9rw0zNCK3ZtoKQQyA,20.1M,https://www.youtube.com/channel/UC9gFih9rw0zNCK3ZtoKQQyA
Jimmy Kimmel Live,PUa6vGFO9ty8v5KZJXQxdhaw,17.9M,https://www.youtube.com/channel/UCa6vGFO9ty8v5KZJXQxdhaw
Liza Koshy,PUxSz6JVYmzVhtkraHWZC7HQ,17.7M,https://www.youtube.com/channel/UCxSz6JVYmzVhtkraHWZC7HQ
Lele Pons,PUi9cDo6239RAzPpBZO9y5SA,17.7M,https://www.youtube.com/channel/UCi9cDo6239RAzPpBZO9y5SA
TheOdd1sOut,PUo8bcnLyZH8tBIH9V1mLgqQ,16.7M,https://www.youtube.com/channel/UCo8bcnLyZH8tBIH9V1mLgqQ
Rclbeauty101,PUB0d0JLn1WcGYcwwZ87d2LA,14.6M,https://www.youtube.com/channel/UCB0d0JLn1WcGYcwwZ87d2LA
CollegeHumor,PUPDXXXJj9nax0fr0Wfc048g,14.1M,https://www.youtube.com/channel/UCPDXXXJj9nax0fr0Wfc048g
Just For Laughs Gags,PUpsSadsgX_Qk9i6i_bJoUwQ,11.4M,https://www.youtube.com/channel/UCpsSadsgX_Qk9i6i_bJoUwQ
Miranda Sings,PU1OFDlfdRb6ma1ZGZd07gWA,10.9M,https://www.youtube.com/channel/UC1OFDlfdRb6ma1ZGZd07gWA
Jesse,PUgefQJC5UgbWJHDxBqB4qVg,10.7M,https://www.youtube.com/channel/UCgefQJC5UgbWJHDxBqB4qVg
ExplosmEntertainment,PUWXCrItCF6ZgXrdozUS-Idw,10.7M,https://www.youtube.com/channel/UCWXCrItCF6ZgXrdozUS-Idw
Dolan Twins,PUITqR49EAUY8i1vZtXTwe-A,10.6M,https://www.youtube.com/channel/UCITqR49EAUY8i1vZtXTwe-A
DANIEL EL TRAVIESO VIDEOS,PUgSk89VX4QiKZsjS25FCBsQ,10.5M,https://www.youtube.com/channel/UCgSk89VX4QiKZsjS25FCBsQ
Comedy Central,PUUsN5ZwHx2kILm84-jPDeXw,10.3M,https://www.youtube.com/channel/UCUsN5ZwHx2kILm84-jPDeXw
Bart Baker,PUazMm3tOCkYrIGE_17j0mVg,9.99M,https://www.youtube.com/channel/UCazMm3tOCkYrIGE_17j0mVg
Ray William Johnson,PUGt7X90Au6BV8rf49BiM6Dg,9.58M,https://www.youtube.com/channel/UCGt7X90Au6BV8rf49BiM6Dg
Rooster Teeth,PUzH3iADRIq1IJlIXjfNgTpA,9.32M,https://www.youtube.com/channel/UCzH3iADRIq1IJlIXjfNgTpA
The Daily Show with Trevor Noah,PUwWhs_6x42TyRM4Wstoq8HA,9.2M,https://www.youtube.com/channel/UCwWhs_6x42TyRM4Wstoq8HA
Colleen Ballinger,PUR-QYzXrZF8yFarK8wZbHog,8.53M,https://www.youtube.com/channel/UCR-QYzXrZF8yFarK8wZbHog
Team Coco,PUi7GJNg51C3jgmYTUwqoUXA,8.21M,https://www.youtube.com/channel/UCi7GJNg51C3jgmYTUwqoUXA
Shane Dawson TV,PUN9wHzrHRdKVzCSeV-5RuzA,8.09M,https://www.youtube.com/channel/UCN9wHzrHRdKVzCSeV-5RuzA
Bad Lip Reading,PU67f2Qf7FYhtoUIF4Sf29cA,8.02M,https://www.youtube.com/channel/UC67f2Qf7FYhtoUIF4Sf29cA
iDubbbzTV,PU4USoIAL9qcsx5nCZV_QRnA,7.89M,https://www.youtube.com/channel/UC4USoIAL9qcsx5nCZV_QRnA
Hannah Stocking,PUkS8bfIrm38QCSQeOqRxR4A,7.74M,https://www.youtube.com/channel/UCkS8bfIrm38QCSQeOqRxR4A
TVFilthyFrank,PUkitABalXafr-NqceQdDXtg,7.62M,https://www.youtube.com/channel/UCkitABalXafr-NqceQdDXtg
BigDawsTv,PUu4X846OSea5YU6S8fIpy1A,7.56M,https://www.youtube.com/channel/UCu4X846OSea5YU6S8fIpy1A
The Try Guys,PUpi8TJfiA4lKGkaXs__YdBA,7.55M,https://www.youtube.com/channel/UCpi8TJfiA4lKGkaXs__YdBA
Wolfie,PUbI2XhhZwo4NEyg3oNv2Tsw,7.54M,https://www.youtube.com/channel/UCbI2XhhZwo4NEyg3oNv2Tsw
Rudy Mancuso,PU5jkXpfnBhlDjqh0ir5FsIQ,7.54M,https://www.youtube.com/channel/UC5jkXpfnBhlDjqh0ir5FsIQ
DOPE or NOPE,PU9VX0KXNH20x9MCH3xGjisg,7.4M,https://www.youtube.com/channel/UC9VX0KXNH20x9MCH3xGjisg
thelonelyisland,ID UNKNOWN,7.2M,https://www.youtube.com/channel/UCCHcEUksSVKsRDH86j77Ntg
MagicofRahat,PUCsj3Uk-cuVQejdoX-Pc_Lg,7.16M,https://www.youtube.com/channel/UCCsj3Uk-cuVQejdoX-Pc_Lg
Team Edge,PUaRH3rDr3K3CEfhVqu5mgUQ,7.14M,https://www.youtube.com/channel/UCaRH3rDr3K3CEfhVqu5mgUQ
Canal BOOM,PULGizjfIIykAWdvIKlvZiDA,6.64M,https://www.youtube.com/channel/UCLGizjfIIykAWdvIKlvZiDA
JonTronShow,PUdJdEguB1F1CiYe7OEi3SBg,6.53M,https://www.youtube.com/channel/UCdJdEguB1F1CiYe7OEi3SBg
Anwar Jibawi,PUEr55381WIqO1w_IzgcI5DQ,6.37M,https://www.youtube.com/channel/UCEr55381WIqO1w_IzgcI5DQ
FUNnel Vision,PU3FBdA2krgGmdGdqxqDjElA,6.34M,https://www.youtube.com/channel/UC3FBdA2krgGmdGdqxqDjElA
Matthew Santoro,PUXhSCMRRPyxSoyLSPFxK7VA,6.28M,https://www.youtube.com/channel/UCXhSCMRRPyxSoyLSPFxK7VA
Tobuscus,PUVJK2AT3ea5RTXNRjX_kz8A,6.26M,https://www.youtube.com/channel/UCVJK2AT3ea5RTXNRjX_kz8A
يوميات واحد عراقي | One Iraqi Diary,PUxyNKdarms6S_Nd_NLX-2YA,6.2M,https://www.youtube.com/channel/UCxyNKdarms6S_Nd_NLX-2YA
Michael Reeves,PUtHaxi4GTYDpJgMSGy7AeSw,6.14M,https://www.youtube.com/channel/UCtHaxi4GTYDpJgMSGy7AeSw
merrelltwins,PUwtnkRZcvL4bfopzJ-Von8Q,5.97M,https://www.youtube.com/channel/UCwtnkRZcvL4bfopzJ-Von8Q
steveo,PUt54Hzhj7RpCWOYpoFJLKAQ,5.81M,https://www.youtube.com/channel/UCt54Hzhj7RpCWOYpoFJLKAQ
Brandon Rogers,PUywhnhPP3dAw7huG_y0hdEg,5.77M,https://www.youtube.com/channel/UCywhnhPP3dAw7huG_y0hdEg
Danny Duncan,PU94lW_-Hr_uA7RcJ3D-WPOg,5.7M,https://www.youtube.com/channel/UC94lW_-Hr_uA7RcJ3D-WPOg
TITLE NOT FOUND,ID UNKNOWN,UNKNOWN FOLLOWER COUNTE,https://www.youtube.com/channel/UCSrnmu3W6YXWU_85DKT5arg
LaurenzSide,PUeBnbqt4VRhotq2TQjkIi2A,5.59M,https://www.youtube.com/channel/UCeBnbqt4VRhotq2TQjkIi2A
Tana Mongeau,PUlWD8su9Sk6GzZDwy9zs3_w,5.48M,https://www.youtube.com/channel/UClWD8su9Sk6GzZDwy9zs3_w
