Cocomelon - Nursery Rhymes,PUbCmjCuTUZos6Inko4u57UQ,110M,https://www.youtube.com/channel/UCbCmjCuTUZos6Inko4u57UQ
Pinkfong! Kids' Songs & Stories,PUcdwLMPsaU2ezNSJU1nFoBQ,47.1M,https://www.youtube.com/channel/UCcdwLMPsaU2ezNSJU1nFoBQ
Little Baby Bum - Nursery Rhymes & Kids Songs,PUKAqou7V9FAWXpZd9xtOg3Q,36.3M,https://www.youtube.com/channel/UCKAqou7V9FAWXpZd9xtOg3Q
BillionSurpriseToys - Nursery Rhymes,PURx3mKNUdl8QE06nEug7p6Q,27.2M,https://www.youtube.com/channel/UCRx3mKNUdl8QE06nEug7p6Q
BabyBus - Nursery Rhymes,ID UNKNOWN,24.3M,https://www.youtube.com/channel/UCpYye8D5fFMUPf9nSfgd4bA
Masha and The Bear,PUu59yAFE8fM0sVNTipR4edw,23.7M,https://www.youtube.com/channel/UCu59yAFE8fM0sVNTipR4edw
Kids TV - Nursery Rhymes And Baby Songs,PU7Pq3Ko42YpkCB_Q4E981jw,18.2M,https://www.youtube.com/channel/UC7Pq3Ko42YpkCB_Q4E981jw
Super JoJo - Nursery Rhymes,PUHN9P-CQVBQ1ba8o1NQJVCA,17.9M,https://www.youtube.com/channel/UCHN9P-CQVBQ1ba8o1NQJVCA
Mother Goose Club Playhouse,PU6zPzUJo8hu-5TzUk8IEC2Q,15.9M,https://www.youtube.com/channel/UC6zPzUJo8hu-5TzUk8IEC2Q
Ninja Kidz TV,PUpZ88DWlKW0H_AYDaUZptcw,14.2M,https://www.youtube.com/channel/UCpZ88DWlKW0H_AYDaUZptcw
TED-Ed,PUsooa4yRKGN_zEE8iknghZA,13.8M,https://www.youtube.com/channel/UCsooa4yRKGN_zEE8iknghZA
Dave and Ava - Nursery Rhymes and Baby Songs,PU6zhI71atP7YLoZyIyCIGNw,13.2M,https://www.youtube.com/channel/UC6zhI71atP7YLoZyIyCIGNw
The King of Random,PU1zZE_kJ8rQHgLTVfobLi_g,12.6M,https://www.youtube.com/channel/UC1zZE_kJ8rQHgLTVfobLi_g
Blippi - Educational Videos for Kids,PU5PYHgAzJ1wLEidB58SK6Xw,12.3M,https://www.youtube.com/channel/UC5PYHgAzJ1wLEidB58SK6Xw
CrashCourse,PUX6b17PVsYBQ0ip5gyeme-Q,12.2M,https://www.youtube.com/channel/UCX6b17PVsYBQ0ip5gyeme-Q
The Infographics Show,PUfdNM3NAhaBOXCafH7krzrA,9.78M,https://www.youtube.com/channel/UCfdNM3NAhaBOXCafH7krzrA
DoDoBee - Nursery Rhymes,PURtFAg-PAvCDM7uTG4jE2ig,9.56M,https://www.youtube.com/channel/UCRtFAg-PAvCDM7uTG4jE2ig
Vox,PULXo7UDZvByw2ixzpQCufnA,9.47M,https://www.youtube.com/channel/UCLXo7UDZvByw2ixzpQCufnA
Liova and Toys,PUQGRpfoyf2yNcDdBAxjgL7g,9.16M,https://www.youtube.com/channel/UCQGRpfoyf2yNcDdBAxjgL7g
Veritasium,PUHnyfMqiRRG1u-2MsSQLbXA,8.82M,https://www.youtube.com/channel/UCHnyfMqiRRG1u-2MsSQLbXA
ChuChuTV Español,PUBbsyG0o_cWlyY46ZRSdYJg,8.75M,https://www.youtube.com/channel/UCBbsyG0o_cWlyY46ZRSdYJg
TeamYouTube [Help],PUMDQxm7cUx3yXkfeHa5zJIQ,8.37M,https://www.youtube.com/channel/UCMDQxm7cUx3yXkfeHa5zJIQ
Dolly and Friends,PU-l6CtDqb2JKxbM6t2uLl-A,8.21M,https://www.youtube.com/channel/UC-l6CtDqb2JKxbM6t2uLl-A
Mother Goose Club,PUJkWoS4RsldA1coEIot5yDA,8.08M,https://www.youtube.com/channel/UCJkWoS4RsldA1coEIot5yDA
Blippi Toys,PU-Gm4EN7nNNR3k67J8ywF4g,7.21M,https://www.youtube.com/channel/UC-Gm4EN7nNNR3k67J8ywF4g
Dr. Sandra Lee (aka Dr. Pimple Popper),PUgrsF4TYwmrV0QsXb8AoeHQ,7.05M,https://www.youtube.com/channel/UCgrsF4TYwmrV0QsXb8AoeHQ
Doctor Mike,PU0QHWhjbe5fGJEPz3sVb6nw,7.07M,https://www.youtube.com/channel/UC0QHWhjbe5fGJEPz3sVb6nw
Alena Kids Toys,PUpIAHQcBQp5yWGQ7UR3xixg,6.97M,https://www.youtube.com/channel/UCpIAHQcBQp5yWGQ7UR3xixg
Tayo the Little Bus,PU9CsZoTaHZqZjnNZv7v3T1g,6.68M,https://www.youtube.com/channel/UC9CsZoTaHZqZjnNZv7v3T1g
SciShow,PUZYTClx2T1of7BRZ86-8fow,6.62M,https://www.youtube.com/channel/UCZYTClx2T1of7BRZ86-8fow
Khan Academy,PU4a-Gbdw7vOaccHmFo40b9g,6.59M,https://www.youtube.com/channel/UC4a-Gbdw7vOaccHmFo40b9g
Little Treehouse Nursery Rhymes and Kids Songs,PUpzYfBXbEHHQHU2e89jM9Tg,6.22M,https://www.youtube.com/channel/UCpzYfBXbEHHQHU2e89jM9Tg
The Finest,PUUVa51UA_690sEKyRbHb-5A,5.99M,https://www.youtube.com/channel/UCUVa51UA_690sEKyRbHb-5A
Kids Channel - Cartoon Videos for Kids,PU3KknIJZXRygH2pZ6MDtGbg,5.75M,https://www.youtube.com/channel/UC3KknIJZXRygH2pZ6MDtGbg
My Story Animated,PUYzEMRKqrh01-tauv7MYyVQ,5.75M,https://www.youtube.com/channel/UCYzEMRKqrh01-tauv7MYyVQ
Alltime10s,PUGi_crMdUZnrcsvkCa8pt-g,5.65M,https://www.youtube.com/channel/UCGi_crMdUZnrcsvkCa8pt-g
Farmees - Nursery Rhymes And Kids Songs,PUu9MYfF0vosVcK38oNnnJxw,5.62M,https://www.youtube.com/channel/UCu9MYfF0vosVcK38oNnnJxw
Psych2Go,PUkJEpR7JmS36tajD34Gp4VA,5.48M,https://www.youtube.com/channel/UCkJEpR7JmS36tajD34Gp4VA
Super Crazy Kids,PU2RNg_QGZriSGQo6enPLpeQ,5.45M,https://www.youtube.com/channel/UC2RNg_QGZriSGQo6enPLpeQ
Learn English with EnglishClass101.com,PUeTVoczn9NOZA9blls3YgUg,5.36M,https://www.youtube.com/channel/UCeTVoczn9NOZA9blls3YgUg
Barış Özcan,PUv6jcPwFujuTIwFQ11jt1Yw,5.34M,https://www.youtube.com/channel/UCv6jcPwFujuTIwFQ11jt1Yw
AnthonyPadilla,PUPJHQ5_DLtxZ1gzBvZE99_g,5.29M,https://www.youtube.com/channel/UCPJHQ5_DLtxZ1gzBvZE99_g
WOA LuKa Channel,PUg-4sIe9il3op_Wr8Bk5lIQ,5.13M,https://www.youtube.com/channel/UCg-4sIe9il3op_Wr8Bk5lIQ
Bouncing Baby TV,PUKRavtVhYBxTzigyGVLPPZQ,5.06M,https://www.youtube.com/channel/UCKRavtVhYBxTzigyGVLPPZQ
Dr. Eric Berg DC,PU3w193M5tYPJqF0Hi-7U-2g,4.79M,https://www.youtube.com/channel/UC3w193M5tYPJqF0Hi-7U-2g
OverSimplified,PUNIuvl7V8zACPpTmmNIqP2A,4.64M,https://www.youtube.com/channel/UCNIuvl7V8zACPpTmmNIqP2A
Oyuncak Şekeri,PUK3fvChGrcBWWtYN60iRE-Q,4.56M,https://www.youtube.com/channel/UCK3fvChGrcBWWtYN60iRE-Q
Moonbug Kids - Cartoons and Kids Songs,PU3_PaZ3Eso1JkuJyE_v4-3g,4.61M,https://www.youtube.com/channel/UC3_PaZ3Eso1JkuJyE_v4-3g
Moonbug Kids - Cartoons & Nursery Rhymes,PUVt43Y46_8DHzwhLau0xVcw,4.61M,https://www.youtube.com/channel/UCVt43Y46_8DHzwhLau0xVcw
Art for Kids Hub,PU5XMF3Inoi8R9nSI8ChOsdQ,4.44M,https://www.youtube.com/channel/UC5XMF3Inoi8R9nSI8ChOsdQ
