✿ Kids Diana Show,PUk8GzjMOrta8yxDcKfylJYw,77.7M,https://www.youtube.com/channel/UCk8GzjMOrta8yxDcKfylJYw
Like Nastya,PUJplp5SjeGSdVdwsfb9Q7lQ,73.3M,https://www.youtube.com/channel/UCJplp5SjeGSdVdwsfb9Q7lQ
Vlad and Niki,PUvlE5gTbOvjiolFlEm-c_Ow,66.1M,https://www.youtube.com/channel/UCvlE5gTbOvjiolFlEm-c_Ow
MrBeast,PUX6OQ3DkcsbYNE6H8uQQuVA,61.1M,https://www.youtube.com/channel/UCX6OQ3DkcsbYNE6H8uQQuVA
Katy Perry,ID UNKNOWN,40.5M,https://www.youtube.com/channel/UCYvmuw-JtVrTZQ-7Y4kd63Q
TheEllenShow,PUp0hYYBW6IMayGgR-WeoCvQ,37.8M,https://www.youtube.com/channel/UCp0hYYBW6IMayGgR-WeoCvQ
Like Nastya Show,PUS94J1s6-qc8v7btCdS2pNg,37.6M,https://www.youtube.com/channel/UCS94J1s6-qc8v7btCdS2pNg
Toys and Colors,PUgFXm4TI8htWmCyJ6cVPG_A,30.9M,https://www.youtube.com/channel/UCgFXm4TI8htWmCyJ6cVPG_A
Ryan's World,PUhGJGhZ9SOOHvBB0Y4DOO_w,29.5M,https://www.youtube.com/channel/UChGJGhZ9SOOHvBB0Y4DOO_w
Luis Fonsi,ID UNKNOWN,29.3M,https://www.youtube.com/channel/UCxoq-PAQeAdk_zyg8YS0JqA
Like Nastya ESP,PUpEJRZdSpdVZ8vh63T9I2KQ,28.9M,https://www.youtube.com/channel/UCpEJRZdSpdVZ8vh63T9I2KQ
BillionSurpriseToys - Nursery Rhymes,PURx3mKNUdl8QE06nEug7p6Q,27.2M,https://www.youtube.com/channel/UCRx3mKNUdl8QE06nEug7p6Q
SSSniperWolf,PUpB959t8iPrxQWj7G6n0ctQ,27.1M,https://www.youtube.com/channel/UCpB959t8iPrxQWj7G6n0ctQ
The Late Late Show with James Corden,PUJ0uqCI0Vqr2Rrt1HseGirg,26.4M,https://www.youtube.com/channel/UCJ0uqCI0Vqr2Rrt1HseGirg
ToyPuddingTV,PUKqx9r4mrFglauNBJc1L_eg,25.9M,https://www.youtube.com/channel/UCKqx9r4mrFglauNBJc1L_eg
James Charles,PUucot-Zp428OwkyRm2I7v2Q,25.5M,https://www.youtube.com/channel/UCucot-Zp428OwkyRm2I7v2Q
Lucas and Marcus,PUwD4x63A9KC7Si2RuSfg-SA,23.7M,https://www.youtube.com/channel/UCwD4x63A9KC7Si2RuSfg-SA
Logan Paul,PUG8rbF3g2AMX70yOd8vqIZg,22.9M,https://www.youtube.com/channel/UCG8rbF3g2AMX70yOd8vqIZg
Collins Key,PU7TTtOQKMXTWWMtWQMIgVSA,22.9M,https://www.youtube.com/channel/UC7TTtOQKMXTWWMtWQMIgVSA
Little Angel: Nursery Rhymes & Kids Songs,PUNzsYU0aWwjERj-9Y9HUEng,22.8M,https://www.youtube.com/channel/UCNzsYU0aWwjERj-9Y9HUEng
nigahiga,PUSAUGyc_xA8uYzaIVG6MESQ,21.4M,https://www.youtube.com/channel/UCSAUGyc_xA8uYzaIVG6MESQ
Sesame Street,PUoookXUzPciGrEZEXmh4Jjg,21M,https://www.youtube.com/channel/UCoookXUzPciGrEZEXmh4Jjg
ZHC,PUlQubH2NeMmGLTLgNdLBwXg,20.4M,https://www.youtube.com/channel/UClQubH2NeMmGLTLgNdLBwXg
REACT,PU0v-tlzsn0QZwJnkiaUSJVQ,20.1M,https://www.youtube.com/channel/UC0v-tlzsn0QZwJnkiaUSJVQ
Smile Toys Review,PUjZ-Ekz7JDN6GDXwusvSHvg,20.1M,https://www.youtube.com/channel/UCjZ-Ekz7JDN6GDXwusvSHvg
Diana Kids Stories,PU5ma-WCc8jNCV0WyRnfbHTg,19.9M,https://www.youtube.com/channel/UC5ma-WCc8jNCV0WyRnfbHTg
Netflix,PUWOA1ZGywLbqmigxE4Qlvuw,19.7M,https://www.youtube.com/channel/UCWOA1ZGywLbqmigxE4Qlvuw
America's Got Talent,PUT2X19JJaJGUN7mrYuImANQ,19.3M,https://www.youtube.com/channel/UCT2X19JJaJGUN7mrYuImANQ
FaZe Rug,PUilwZiBBfI9X6yiZRzWty8Q,19M,https://www.youtube.com/channel/UCilwZiBBfI9X6yiZRzWty8Q
Diana Bebe,PUqNmJfc7RgMU6hTxOOuCYHQ,19.1M,https://www.youtube.com/channel/UCqNmJfc7RgMU6hTxOOuCYHQ
EeOneGuy,PUrFiA0hztL9e8zTi_qBuW4w,17.6M,https://www.youtube.com/channel/UCrFiA0hztL9e8zTi_qBuW4w
Infinite,PU_hSjGOO67A6gIDUcyuv_8A,17.7M,https://www.youtube.com/channel/UC_hSjGOO67A6gIDUcyuv_8A
Lele Pons,PUi9cDo6239RAzPpBZO9y5SA,17.7M,https://www.youtube.com/channel/UCi9cDo6239RAzPpBZO9y5SA
Lyrical Lemonade,PUtylTUUVIGY_i5afsQYeBZA,17.4M,https://www.youtube.com/channel/UCtylTUUVIGY_i5afsQYeBZA
National Geographic,PUpVm7bg6pXKo1Pr6k5kxG9A,17.5M,https://www.youtube.com/channel/UCpVm7bg6pXKo1Pr6k5kxG9A
Demi Lovato,ID UNKNOWN,17.3M,https://www.youtube.com/channel/UCZkURf9tDolFOeuw_4RD7XQ
Diana Play,PUtm3DGXkWqAUQZMHl97SVxA,17.3M,https://www.youtube.com/channel/UCtm3DGXkWqAUQZMHl97SVxA
Good Mythical Morning,PU4PooiX37Pld1T8J5SYT-SQ,17M,https://www.youtube.com/channel/UC4PooiX37Pld1T8J5SYT-SQ
Preston,PU70Dib4MvFfT1tU6MqeyHpQ,16.7M,https://www.youtube.com/channel/UC70Dib4MvFfT1tU6MqeyHpQ
Guava Juice,PUMNmwqCtCSpftrbvR3KkHDA,16.6M,https://www.youtube.com/channel/UCMNmwqCtCSpftrbvR3KkHDA
PDK Films,PU-F6LZSWz34xKknY8NNCzgQ,16.6M,https://www.youtube.com/channel/UC-F6LZSWz34xKknY8NNCzgQ
Like Nastya AE,PU3I1iohrGzxep0p8r1Osw3w,16.6M,https://www.youtube.com/channel/UC3I1iohrGzxep0p8r1Osw3w
Brent Rivera,PU56D-IHcUvLVFTX_8NpQMXg,15.8M,https://www.youtube.com/channel/UC56D-IHcUvLVFTX_8NpQMXg
Marvel Entertainment,PUvC4D8onUfXzvjTOM-dBfEA,15.6M,https://www.youtube.com/channel/UCvC4D8onUfXzvjTOM-dBfEA
Diana Roma Show,PUl_P0sCqxOdQpMwuajdXkRg,15.5M,https://www.youtube.com/channel/UCl_P0sCqxOdQpMwuajdXkRg
व्लाद और निकिता,PUUMxxg0KvWiSWHUXRPpnKzw,15.6M,https://www.youtube.com/channel/UCUMxxg0KvWiSWHUXRPpnKzw
IGN,PUKy1dAqELo0zrOtPkf0eTMw,15.4M,https://www.youtube.com/channel/UCKy1dAqELo0zrOtPkf0eTMw
Reaction Time,PUhM5Ff2yVeIZ16EWiB081cg,15.2M,https://www.youtube.com/channel/UChM5Ff2yVeIZ16EWiB081cg
Oyuncak Avı,PUjS0hMS5sneIgsb3PjBc0Bw,15.2M,https://www.youtube.com/channel/UCjS0hMS5sneIgsb3PjBc0Bw
Miley Cyrus,ID UNKNOWN,15.3M,https://www.youtube.com/channel/UCn7dB9UMTBDjKtEKBy_XISw
