Michael Jackson,ID UNKNOWN,21.3M,https://www.youtube.com/channel/UC5OrDvL9DscpcAstz7JnQGA
Jake Paul,PUcgVECVN4OKV6DH1jLkqmcA,20.4M,https://www.youtube.com/channel/UCcgVECVN4OKV6DH1jLkqmcA
BuzzFeedVideo,PUpko_-a4wgz2u_DgDgd9fqA,20.3M,https://www.youtube.com/channel/UCpko_-a4wgz2u_DgDgd9fqA
Lady Gaga,ID UNKNOWN,19.8M,https://www.youtube.com/channel/UCNL1ZadSjHpjm4q9j2sVtOA
TED,PUAuUUnT6oDeKwE6v1NGQxug,19.3M,https://www.youtube.com/channel/UCAuUUnT6oDeKwE6v1NGQxug
David Dobrik,PUmh5gdwCx6lN7gEC20leNVA,18.4M,https://www.youtube.com/channel/UCmh5gdwCx6lN7gEC20leNVA
Crafty Panda,PU03RvJoIhm_fMwlUpm9ZvFw,18.4M,https://www.youtube.com/channel/UC03RvJoIhm_fMwlUpm9ZvFw
jeffreestar,PUkvK_5omS-42Ovgah8KRKtg,16.5M,https://www.youtube.com/channel/UCkvK_5omS-42Ovgah8KRKtg
Roman Atwood Vlogs,PU-SV8-bUJfXjrRMnp7F8Wzw,15.6M,https://www.youtube.com/channel/UC-SV8-bUJfXjrRMnp7F8Wzw
Jason Vlogs,PUjmAh2qxmvWdH3xNPbg0IUQ,13.4M,https://www.youtube.com/channel/UCjmAh2qxmvWdH3xNPbg0IUQ
The LaBrant Fam,PU4-CH0epzZpD_ARhxCx6LaQ,13M,https://www.youtube.com/channel/UC4-CH0epzZpD_ARhxCx6LaQ
The Royalty Family,PUja7QUMRG9AD8X2F_vXFb9A,13.1M,https://www.youtube.com/channel/UCja7QUMRG9AD8X2F_vXFb9A
Rosanna Pansino,PUjwmbv6NE4mOh8Z8VhPUx1Q,12.8M,https://www.youtube.com/channel/UCjwmbv6NE4mOh8Z8VhPUx1Q
CaseyNeistat,PUtinbF-Q-fVthA0qrFQTgXQ,12.3M,https://www.youtube.com/channel/UCtinbF-Q-fVthA0qrFQTgXQ
It's Mamix,PUSF6ewY9LS8GnbphwvnZpUg,12M,https://www.youtube.com/channel/UCSF6ewY9LS8GnbphwvnZpUg
Zach Choi ASMR,PUI78AdiI6f7VKhqW1i4B3Rw,12M,https://www.youtube.com/channel/UCI78AdiI6f7VKhqW1i4B3Rw
Meghan Trainor,ID UNKNOWN,11.7M,https://www.youtube.com/channel/UCkXgEcpoTE4tHsebYBouWpA
Unspeakable,PUwIWAbIeu0xI0ReKWOcw3eg,11.2M,https://www.youtube.com/channel/UCwIWAbIeu0xI0ReKWOcw3eg
As/Is,PUay_OLhWtf9iklq8zg_or0g,10.6M,https://www.youtube.com/channel/UCay_OLhWtf9iklq8zg_or0g
PowerfulJRE,PUzQUP1qoWDoEbmsQxvdjxgQ,10.6M,https://www.youtube.com/channel/UCzQUP1qoWDoEbmsQxvdjxgQ
BuzzFeed Multiplayer,PUBUVGPsJzc1U8SECMgBaMFw,9.96M,https://www.youtube.com/channel/UCBUVGPsJzc1U8SECMgBaMFw
TwinRoozi 쌍둥이 루지,PUMa-5a4Hg3KnbiDOvhdfb3w,9.97M,https://www.youtube.com/channel/UCMa-5a4Hg3KnbiDOvhdfb3w
SOMOY TV,PUxHoBXkY88Tb8z1Ssj6CWsQ,9.97M,https://www.youtube.com/channel/UCxHoBXkY88Tb8z1Ssj6CWsQ
Indoor playground Bella - Misa,PUqkpsLEaOZwR1osdgYCyEoA,9.89M,https://www.youtube.com/channel/UCqkpsLEaOZwR1osdgYCyEoA
Disney Junior,PUNcdbMyA59zE-Vk668bKWOg,9.76M,https://www.youtube.com/channel/UCNcdbMyA59zE-Vk668bKWOg
charli d'amelio,PUi3OE-aN09WOcN9d2stCvPg,9.47M,https://www.youtube.com/channel/UCi3OE-aN09WOcN9d2stCvPg
Joey Graceffa,PUGCPAOQDZa_TTTXDr5byjww,9.4M,https://www.youtube.com/channel/UCGCPAOQDZa_TTTXDr5byjww
The Bee Family,PUtZAaljDNIsIAIhwYYzvEiw,9.19M,https://www.youtube.com/channel/UCtZAaljDNIsIAIhwYYzvEiw
Patty Mayo,PUEYLdM2bdhmw-TS3c0TjFNw,9.24M,https://www.youtube.com/channel/UCEYLdM2bdhmw-TS3c0TjFNw
Safiya Nygaard,PUbAwSkqJ1W_Eg7wr3cp5BUA,9.15M,https://www.youtube.com/channel/UCbAwSkqJ1W_Eg7wr3cp5BUA
David Dobrik Too,PUef29bYGgUSoJjVkqhcAPkw,8.58M,https://www.youtube.com/channel/UCef29bYGgUSoJjVkqhcAPkw
Jen Smith,PUqIqRzEge-Qvt4Iglx-uKdQ,8.57M,https://www.youtube.com/channel/UCqIqRzEge-Qvt4Iglx-uKdQ
Dhar Mann,PU_hK9fOxyy_TM8FJGXIyG8Q,8.79M,https://www.youtube.com/channel/UC_hK9fOxyy_TM8FJGXIyG8Q
Bretman Rock,PU3EFKdXAU99j3ppGgvTz7XQ,8.39M,https://www.youtube.com/channel/UC3EFKdXAU99j3ppGgvTz7XQ
Khalid,ID UNKNOWN,8.36M,https://www.youtube.com/channel/UCkntT5Je5DDopF70YUsnuEQ
LARRAY,ID UNKNOWN,8.34M,https://www.youtube.com/channel/UCt_DaLB_NDqPVxezyvcfRtg
THE PRINCE FAMILY,PU5LGPvoUOfwcLi4Ck8LiR4A,8.07M,https://www.youtube.com/channel/UC5LGPvoUOfwcLi4Ck8LiR4A
Boys and Toys,PUWI7puXzGTPuxsoW2HD3XxQ,7.86M,https://www.youtube.com/channel/UCWI7puXzGTPuxsoW2HD3XxQ
AWE me,PUNKcMBYP_-18FLgk4BYGtfw,7.66M,https://www.youtube.com/channel/UCNKcMBYP_-18FLgk4BYGtfw
Bhad Bhabie,ID UNKNOWN,7.59M,https://www.youtube.com/channel/UC7rVvFP90pl7tAtPsVIhfww
Prettyboyfredo,PUGDumBSWK7q6Rpdwz8osbYA,7.36M,https://www.youtube.com/channel/UCGDumBSWK7q6Rpdwz8osbYA
SnoopDoggTV,ID UNKNOWN,7.36M,https://www.youtube.com/channel/UC-OO324clObi3H-U0bP77dw
Bratayley,PUnrO0wqhKpMYUt_wSeaIasw,7.3M,https://www.youtube.com/channel/UCnrO0wqhKpMYUt_wSeaIasw
Smosh Pit,PUYJPby9DRCteedh5tfxVbrw,7.19M,https://www.youtube.com/channel/UCYJPby9DRCteedh5tfxVbrw
Familia Diamond,PU5ZOSZ-Bpass2ZkJY9q9ISg,7.16M,https://www.youtube.com/channel/UC5ZOSZ-Bpass2ZkJY9q9ISg
AmusementForce,PUycM0Fd584iW3IpgCAjaSEw,7.09M,https://www.youtube.com/channel/UCycM0Fd584iW3IpgCAjaSEw
Stokes Twins,PUbp9MyKCTEww4CxEzc_Tp0Q,6.94M,https://www.youtube.com/channel/UCbp9MyKCTEww4CxEzc_Tp0Q
iJustine,PUey_c7U86mJGz1VJWH5CYPA,6.86M,https://www.youtube.com/channel/UCey_c7U86mJGz1VJWH5CYPA
Kanye West,ID UNKNOWN,6.81M,https://www.youtube.com/channel/UCs6eXM7s8Vl5WcECcRHc2qQ
Katie OnTheRoad,PUweQmad90LI3b1XrlGo0Edg,6.79M,https://www.youtube.com/channel/UCweQmad90LI3b1XrlGo0Edg
