Brave Wilderness,PU6E2mP01ZLH_kbAyeazCNdg,18.6M,https://www.youtube.com/channel/UC6E2mP01ZLH_kbAyeazCNdg
Maymo,PUC7tqA6lA2QRw4BdrAEKFxg,10.7M,https://www.youtube.com/channel/UCC7tqA6lA2QRw4BdrAEKFxg
Joey Graceffa,PUGCPAOQDZa_TTTXDr5byjww,9.4M,https://www.youtube.com/channel/UCGCPAOQDZa_TTTXDr5byjww
The Dodo,PUINb0wqPz-A0dV9nARjJlOQ,9.36M,https://www.youtube.com/channel/UCINb0wqPz-A0dV9nARjJlOQ
AaronsAnimals,PUNo5PGwGmfnEprEUUb9AGgw,5.55M,https://www.youtube.com/channel/UCNo5PGwGmfnEprEUUb9AGgw
Hope For Paws - Official Rescue Channel,PUdu8QrpJd6rdHU9fHl8J01A,5.02M,https://www.youtube.com/channel/UCdu8QrpJd6rdHU9fHl8J01A
Kritter Klub,PU6zbH1Z4G32bBV9wyK6ikPA,4.53M,https://www.youtube.com/channel/UC6zbH1Z4G32bBV9wyK6ikPA
Life of Sammie & Summer,PUI8FQkQ-Iv73GZcsJ-6pNWw,4.36M,https://www.youtube.com/channel/UCI8FQkQ-Iv73GZcsJ-6pNWw
AntsCanada,PUONd1SNf3_QqjzjCVsURNuA,4.07M,https://www.youtube.com/channel/UCONd1SNf3_QqjzjCVsURNuA
Louie The Beagle,PUZ-oMIRggrNuzsWLtNFXBXw,3.4M,https://www.youtube.com/channel/UCZ-oMIRggrNuzsWLtNFXBXw
zefrank1,PUVpankR4HtoAVtYnFDUieYA,3.37M,https://www.youtube.com/channel/UCVpankR4HtoAVtYnFDUieYA
Catch Em All Fishing,PU7MCFUG5oKKsfVDl7gT7BRA,3.34M,https://www.youtube.com/channel/UC7MCFUG5oKKsfVDl7gT7BRA
Tiger Productions,PUKy3MG7_If9KlVuvw3rPMfw,3.29M,https://www.youtube.com/channel/UCKy3MG7_If9KlVuvw3rPMfw
BlacktipH,PUL0L7RQ8mrO10OLRlWPoq6A,3.2M,https://www.youtube.com/channel/UCL0L7RQ8mrO10OLRlWPoq6A
Zak George’s Dog Training Revolution,PUZzFRKsgVMhGTxffpzgTJlQ,3.16M,https://www.youtube.com/channel/UCZzFRKsgVMhGTxffpzgTJlQ
Gohan The Husky,PUKD8QcX1LhFB8n7lhjfuQdg,2.93M,https://www.youtube.com/channel/UCKD8QcX1LhFB8n7lhjfuQdg
Kittisaurus,PUwcsDWGip6vtiZyCnvDoClQ,2.75M,https://www.youtube.com/channel/UCwcsDWGip6vtiZyCnvDoClQ
Talking Kitty Cat,PUYFo16eFDNhD3W_POj9gKFw,2.73M,https://www.youtube.com/channel/UCYFo16eFDNhD3W_POj9gKFw
Exotics Lair,PUJIW-bpoAsZY5vnsEShgTSw,2.66M,https://www.youtube.com/channel/UCJIW-bpoAsZY5vnsEShgTSw
MonkeyBoo,PUf4VNiylVdKz_4b8uEoYXBA,2.54M,https://www.youtube.com/channel/UCf4VNiylVdKz_4b8uEoYXBA
Cute VN,PU5ggtACLoJ3Ro8RNNgKfcvA,2.05M,https://www.youtube.com/channel/UC5ggtACLoJ3Ro8RNNgKfcvA
My Mountain Husky,PUAI5QLNSOSzOQTYCyNA06EQ,2.07M,https://www.youtube.com/channel/UCAI5QLNSOSzOQTYCyNA06EQ
Jacob Colvin,PUUw4K8hh4No3ks8wxfqj-uQ,2.07M,https://www.youtube.com/channel/UCUw4K8hh4No3ks8wxfqj-uQ
Taylor Nicole Dean,PUaOTXKuQ-t-eTikY96B9n-Q,1.96M,https://www.youtube.com/channel/UCaOTXKuQ-t-eTikY96B9n-Q
The Pet Collective,PUPIvT-zcQl2H0vabdXJGcpg,1.95M,https://www.youtube.com/channel/UCPIvT-zcQl2H0vabdXJGcpg
Funny Animals,PUmIZUrJjE4bgRqhd8BVvxsg,1.89M,https://www.youtube.com/channel/UCmIZUrJjE4bgRqhd8BVvxsg
ViralBe,PUfGLwxYDLZOj_eJOcMboY_A,1.87M,https://www.youtube.com/channel/UCfGLwxYDLZOj_eJOcMboY_A
Animal Channel,PU40iT5AH7Sgtpx28zBiWu3w,1.9M,https://www.youtube.com/channel/UC40iT5AH7Sgtpx28zBiWu3w
4 Ever Green,PURpNVpZoW56rOsV-6wFK3lg,1.83M,https://www.youtube.com/channel/UCRpNVpZoW56rOsV-6wFK3lg
Paul Cuffaro,PUKFtfFitaK83yBc0rlg9m1A,1.82M,https://www.youtube.com/channel/UCKFtfFitaK83yBc0rlg9m1A
Rumble Viral,PUW3T8dQVEynwj6-_DArcM7w,1.79M,https://www.youtube.com/channel/UCW3T8dQVEynwj6-_DArcM7w
EZ's Boys,PULpMvM_siamqLBt5w5ICILg,1.72M,https://www.youtube.com/channel/UCLpMvM_siamqLBt5w5ICILg
Cesar Millan,PUDyz_T0uPt66D_b4kukhdDA,1.59M,https://www.youtube.com/channel/UCDyz_T0uPt66D_b4kukhdDA
DARKDYNASTYK9S,PUI4NZjPRltnvhVrR86gZGkg,1.53M,https://www.youtube.com/channel/UCI4NZjPRltnvhVrR86gZGkg
JayPrehistoricPets,PUxmpUZtj2j93UuFALWE1q4w,1.52M,https://www.youtube.com/channel/UCxmpUZtj2j93UuFALWE1q4w
Cole and Marmalade,PUvmijL-eepDVHYSJHDY3d6w,1.43M,https://www.youtube.com/channel/UCvmijL-eepDVHYSJHDY3d6w
TheMeanKitty,PUNT38peI5ihu_QzBSjKpWKA,1.43M,https://www.youtube.com/channel/UCNT38peI5ihu_QzBSjKpWKA
Wow Animals,PU24KUWwW8-rJu3GZKLPYvcw,1.42M,https://www.youtube.com/channel/UC24KUWwW8-rJu3GZKLPYvcw
Cat Challenge,PUbNZY79eIh9S2tfllaMLwoA,1.37M,https://www.youtube.com/channel/UCbNZY79eIh9S2tfllaMLwoA
Kitten Lady,PU5VvB6tmC4lu_WCx7hE0PZA,1.37M,https://www.youtube.com/channel/UC5VvB6tmC4lu_WCx7hE0PZA
Happy Dog And Friends,PUZrhxr3eKkqZBRs24KBgeWg,1.35M,https://www.youtube.com/channel/UCZrhxr3eKkqZBRs24KBgeWg
Rescue Animals,PUhXRU1noMzd2wAeSYojQLVw,1.35M,https://www.youtube.com/channel/UChXRU1noMzd2wAeSYojQLVw
Big Cat Rescue,PUcftblae5aEnraa34d1FPQg,1.34M,https://www.youtube.com/channel/UCcftblae5aEnraa34d1FPQg
БиБизяка,PUTEd1kSICgdTQuHQa0egRZA,1.32M,https://www.youtube.com/channel/UCTEd1kSICgdTQuHQa0egRZA
SaveAFox,PUb3KY97ICfIkDJY_p6d7yig,1.28M,https://www.youtube.com/channel/UCb3KY97ICfIkDJY_p6d7yig
Jacob Feder,PUmHktdcPGlSJ9KF2ANAwV2g,1.28M,https://www.youtube.com/channel/UCmHktdcPGlSJ9KF2ANAwV2g
PawZam Dogs,PU0ufW3qv1DDE8ucnwK6jvTA,1.26M,https://www.youtube.com/channel/UC0ufW3qv1DDE8ucnwK6jvTA
The Fish Whisperer,PUya1p9Yc837fQDFz6thUQPg,1.21M,https://www.youtube.com/channel/UCya1p9Yc837fQDFz6thUQPg
Rob The Ranger Wildlife Videos,PUgPYOLbcgxSBCAmlaihQyMg,1.22M,https://www.youtube.com/channel/UCgPYOLbcgxSBCAmlaihQyMg
KateReadsBooks,PUxLLFcp3BFhLkAyZ9_OQx0A,1.21M,https://www.youtube.com/channel/UCxLLFcp3BFhLkAyZ9_OQx0A
