Mark Rober,PUY1kMZp36IQSyNx_9h4mpCg,18.2M,https://www.youtube.com/channel/UCY1kMZp36IQSyNx_9h4mpCg
Apple,PUE_M8A5yxnLfW0KghEeajjw,14.1M,https://www.youtube.com/channel/UCE_M8A5yxnLfW0KghEeajjw
Marques Brownlee,PUBJycsmduvYEL83R_U4JriQ,14M,https://www.youtube.com/channel/UCBJycsmduvYEL83R_U4JriQ
CrazyRussianHacker,PUe_vXdMrHHseZ_esYUskSBw,11.5M,https://www.youtube.com/channel/UCe_vXdMrHHseZ_esYUskSBw
The Q,PUZdGJgHbmqQcVZaJCkqDRwg,11.4M,https://www.youtube.com/channel/UCZdGJgHbmqQcVZaJCkqDRwg
Google,PUK8sQmJBp8GCxrOtXWBpyEA,10M,https://www.youtube.com/channel/UCK8sQmJBp8GCxrOtXWBpyEA
SmarterEveryDay,PU6107grRI4m0o2-emgoDnAA,9.63M,https://www.youtube.com/channel/UC6107grRI4m0o2-emgoDnAA
Life Hacks & Experiments,PUDRx0wMgscsG6vPNB0sO65Q,9.4M,https://www.youtube.com/channel/UCDRx0wMgscsG6vPNB0sO65Q
NASA,PULA_DiR1FfKNvjuUpBHmylQ,9.11M,https://www.youtube.com/channel/UCLA_DiR1FfKNvjuUpBHmylQ
Power Vision,PUatfiM69M9ZnNhOzy0jZ41A,8.51M,https://www.youtube.com/channel/UCatfiM69M9ZnNhOzy0jZ41A
EverythingApplePro E A P,PUj34AOIMl_k1fF7hcBkD_dw,8.37M,https://www.youtube.com/channel/UCj34AOIMl_k1fF7hcBkD_dw
What's Inside?,PUSrPuHtKbst7Zy8pyWn_3Cg,7.12M,https://www.youtube.com/channel/UCSrPuHtKbst7Zy8pyWn_3Cg
SpaceX,PUtI0Hodo5o5dUb67FeUjDeA,5.63M,https://www.youtube.com/channel/UCtI0Hodo5o5dUb67FeUjDeA
Adam Savage’s Tested,PUiDJtJKMICpb9B1qf7qjEOA,5.5M,https://www.youtube.com/channel/UCiDJtJKMICpb9B1qf7qjEOA
minutephysics,PUUHW94eEFW7hkUMVaZz4eDg,5.3M,https://www.youtube.com/channel/UCUHW94eEFW7hkUMVaZz4eDg
Austin Evans,PUXGgrKt94gR6lmN4aN3mYTg,4.98M,https://www.youtube.com/channel/UCXGgrKt94gR6lmN4aN3mYTg
Seeker,PUzWQYUVCpZqtN93H8RR44Qw,4.81M,https://www.youtube.com/channel/UCzWQYUVCpZqtN93H8RR44Qw
TheBackyardScientist,PU06E4Y_-ybJgBUMtXx8uNNw,4.77M,https://www.youtube.com/channel/UC06E4Y_-ybJgBUMtXx8uNNw
Business Insider,PUcyq283he07B7_KUX07mmtA,4.52M,https://www.youtube.com/channel/UCcyq283he07B7_KUX07mmtA
Vsauce3,PUwmFOfFuvRPI112vR5DNnrA,3.96M,https://www.youtube.com/channel/UCwmFOfFuvRPI112vR5DNnrA
SPACE (Official),PUIR_LPmEQ9QHR0yB2lxgaxQ,3.9M,https://www.youtube.com/channel/UCIR_LPmEQ9QHR0yB2lxgaxQ
Taras Kul,PUkDbLiXbx6CIRZuyW9sZK1g,3.71M,https://www.youtube.com/channel/UCkDbLiXbx6CIRZuyW9sZK1g
Интересный Фикус,PUve3T2JUto59BcaBujrn-Lw,3.69M,https://www.youtube.com/channel/UCve3T2JUto59BcaBujrn-Lw
TechSmartt,PUpT9kL2Eba91BB9CK6wJ4Pg,3.68M,https://www.youtube.com/channel/UCpT9kL2Eba91BB9CK6wJ4Pg
Tech Insider,PUVLZmDKeT-mV4H3ToYXIFYg,3.45M,https://www.youtube.com/channel/UCVLZmDKeT-mV4H3ToYXIFYg
Android Authority,PUgyqtNWZmIxTx3b6OxTSALw,3.36M,https://www.youtube.com/channel/UCgyqtNWZmIxTx3b6OxTSALw
AiirSource Military,PUd4W_0_E64eeP-o1ZOqVN2A,3.36M,https://www.youtube.com/channel/UCd4W_0_E64eeP-o1ZOqVN2A
JayzTwoCents,PUkWQ0gDrqOCarmUKmppD7GQ,3.36M,https://www.youtube.com/channel/UCkWQ0gDrqOCarmUKmppD7GQ
GizmoSlip,PUmY5lv5l2RYGOKWKGXLmGJw,3.26M,https://www.youtube.com/channel/UCmY5lv5l2RYGOKWKGXLmGJw
The Action Lab,PU1VLQPn9cYSqx8plbk9RxxQ,3.16M,https://www.youtube.com/channel/UC1VLQPn9cYSqx8plbk9RxxQ
The Verge,PUddiUEpeqJcYeBxX1IVBKvQ,3.11M,https://www.youtube.com/channel/UCddiUEpeqJcYeBxX1IVBKvQ
WowShow,PUF0aIVXf0LHkHwN5wM8fflQ,3.1M,https://www.youtube.com/channel/UCF0aIVXf0LHkHwN5wM8fflQ
TechSource,PUhIZGfcnjHI0DG4nweWEduw,3.1M,https://www.youtube.com/channel/UChIZGfcnjHI0DG4nweWEduw
UrAvgConsumer,PU9fSZHEh6XsRpX-xJc6lT3A,3.09M,https://www.youtube.com/channel/UC9fSZHEh6XsRpX-xJc6lT3A
CNET,PUOmcA3f_RrH6b9NmcNa4tdg,3.04M,https://www.youtube.com/channel/UCOmcA3f_RrH6b9NmcNa4tdg
brusspup,PUeQEKFH31vvD-InkTGSvCrA,2.81M,https://www.youtube.com/channel/UCeQEKFH31vvD-InkTGSvCrA
Bill Gates,PUnEiGCE13SUI7ZvojTAVBKw,2.72M,https://www.youtube.com/channel/UCnEiGCE13SUI7ZvojTAVBKw
Jonathan Morrison,PUDlQwv99CovKafGvxyaiNDA,2.65M,https://www.youtube.com/channel/UCDlQwv99CovKafGvxyaiNDA
ThioJoe,PUQSpnDG3YsFNf5-qHocF-WQ,2.66M,https://www.youtube.com/channel/UCQSpnDG3YsFNf5-qHocF-WQ
Crushing Show,PUMHF39jZHmdf14BKRLTuKmg,2.63M,https://www.youtube.com/channel/UCMHF39jZHmdf14BKRLTuKmg
Stuff Made Here,PUj1VqrHhDte54oLgPG4xpuQ,2.66M,https://www.youtube.com/channel/UCj1VqrHhDte54oLgPG4xpuQ
Boston Dynamics,PU7vVhkEfw4nOGp8TyDk7RcQ,2.58M,https://www.youtube.com/channel/UC7vVhkEfw4nOGp8TyDk7RcQ
MinuteEarth,PUeiYXex_fwgYDonaTcSIk6w,2.54M,https://www.youtube.com/channel/UCeiYXex_fwgYDonaTcSIk6w
Iraqveteran8888,PUWJHDMgKWWvOsdyRF3HPVEw,2.5M,https://www.youtube.com/channel/UCWJHDMgKWWvOsdyRF3HPVEw
Military Archive,PUT4layPPCzgR_99g5VYYvmQ,2.45M,https://www.youtube.com/channel/UCT4layPPCzgR_99g5VYYvmQ
Bitwit,PUftcLVz-jtPXoH3cWUUDwYw,2.36M,https://www.youtube.com/channel/UCftcLVz-jtPXoH3cWUUDwYw
William Osman,PUfMJ2MchTSW2kWaT0kK94Yw,2.3M,https://www.youtube.com/channel/UCfMJ2MchTSW2kWaT0kK94Yw
MindYourDecisions,PUHnj59g7jezwTy5GeL8EA_g,2.23M,https://www.youtube.com/channel/UCHnj59g7jezwTy5GeL8EA_g
MARCIANOTECH,PUCGiOPUPTlQupYmDMpUxB4A,2.22M,https://www.youtube.com/channel/UCCGiOPUPTlQupYmDMpUxB4A
Google Developers,PU_x5XG1OV2P6uZZ5FSM9Ttw,2.16M,https://www.youtube.com/channel/UC_x5XG1OV2P6uZZ5FSM9Ttw
