title,id,url
FHEFoxNetworkTV,ID UNKNOWN,74K,https://www.youtube.com/channel/UCWhsoFTyc5lcH722rmA7vwA
BravoShows,ID UNKNOWN,71.6K,https://www.youtube.com/channel/UC_3NEb8dMXNIeRmjvzv9zKg
Disney Junior Shows,ID UNKNOWN,62.5K,https://www.youtube.com/channel/UCZEEnLgVgawXK0BjCjZKK5Q
discoveryfulleps,PUuDN9Ko6TmIj_imV3BQo0lQ,58.9K,https://www.youtube.com/channel/UCuDN9Ko6TmIj_imV3BQo0lQ
Oxygen Digital Download,ID UNKNOWN,52.5K,https://www.youtube.com/channel/UCIZGpcVG_obsSCfkSDsDILg
idfullepisodes,PU0bDsCu7UNq0Dcczgah9KXA,39.2K,https://www.youtube.com/channel/UC0bDsCu7UNq0Dcczgah9KXA
Disney Channel Shows,ID UNKNOWN,36.6K,https://www.youtube.com/channel/UC-wmwara4nA_Xpa9dnfRH1g
SyfyShows,ID UNKNOWN,30.5K,https://www.youtube.com/channel/UC41Ih6Sb6SdgryGXxEVOkQw
FoodNetworkShows,PUjVzRytgQAyarME7EU8tQ7g,28.7K,https://www.youtube.com/channel/UCjVzRytgQAyarME7EU8tQ7g
animalplanetfulleps,PUS8h7BR6QZp7WnbXm0pCkRg,27.1K,https://www.youtube.com/channel/UCS8h7BR6QZp7WnbXm0pCkRg
NationalGeographicTV,PUytffoanEO3q4y74zYX8S9w,17.8K,https://www.youtube.com/channel/UCytffoanEO3q4y74zYX8S9w
ADigitalTV,PUn36umoQDInVBUiHSlEOBiQ,16.1K,https://www.youtube.com/channel/UCn36umoQDInVBUiHSlEOBiQ
Disney XD Shows,ID UNKNOWN,14.1K,https://www.youtube.com/channel/UCrlUIR06JuylKsT0oBOKe-w
sciencefullepisodes,ID UNKNOWN,12.7K,https://www.youtube.com/channel/UCbwNhm_dz72vPB9T2yHw8cQ
Own Showtime Full Episodes,ID UNKNOWN,12.2K,https://www.youtube.com/channel/UCeNL-xi7q3hXXKbVIW1_Ohg
FUNimation OnDemand,ID UNKNOWN,11.8K,https://www.youtube.com/channel/UC-Yvu5TJfRxBGMZi4hKBelg
gaiamvivendient,ID UNKNOWN,7.55K,https://www.youtube.com/channel/UCqFQeppcAXHT8naUNT9KeAg
