WWE,PUJ5v_MCY6GNUBTO8-D3XoAg,76.3M,https://www.youtube.com/channel/UCJ5v_MCY6GNUBTO8-D3XoAg
Dude Perfect,PURijo3ddMTht_IHyNSNXpNQ,56M,https://www.youtube.com/channel/UCRijo3ddMTht_IHyNSNXpNQ
NBA,PUWJ2lWNubArHWmf3FIHbfcQ,16.4M,https://www.youtube.com/channel/UCWJ2lWNubArHWmf3FIHbfcQ
DALLMYD,PUI4fHQkguBNW3SwTqmehzjw,12M,https://www.youtube.com/channel/UCI4fHQkguBNW3SwTqmehzjw
UFC - Ultimate Fighting Championship,PUvgfXK4nTYKudb0rFR6noLA,11.6M,https://www.youtube.com/channel/UCvgfXK4nTYKudb0rFR6noLA
GoPro,PUqhnX4jA0A5paNd1v-zEysw,10.4M,https://www.youtube.com/channel/UCqhnX4jA0A5paNd1v-zEysw
DemolitionRanch,PUBvc7pmUp9wiZIFOXEp1sCg,9.88M,https://www.youtube.com/channel/UCBvc7pmUp9wiZIFOXEp1sCg
ESPN,PUiWLfSweyRNmLpgEHekhoAg,7.83M,https://www.youtube.com/channel/UCiWLfSweyRNmLpgEHekhoAg
NFL,PUDVYQ4Zhbm3S2dlz7P1GBDg,7.81M,https://www.youtube.com/channel/UCDVYQ4Zhbm3S2dlz7P1GBDg
THENX,PUqjwF8rxRsotnojGl4gM0Zw,6.72M,https://www.youtube.com/channel/UCqjwF8rxRsotnojGl4gM0Zw
hickok45,PUvB3solmhqtgDeLpD-yTtfg,6.02M,https://www.youtube.com/channel/UCvB3solmhqtgDeLpD-yTtfg
Chris Smoove,PUnzbVkknmqhRqUKg7RDTDeg,5.03M,https://www.youtube.com/channel/UCnzbVkknmqhRqUKg7RDTDeg
FlightReacts,PU_k0qgMNIW2VmTQKjFsbXDw,4.69M,https://www.youtube.com/channel/UC_k0qgMNIW2VmTQKjFsbXDw
IMPACT Wrestling,PUOp8wkVqdrWbFYHjDv946QQ,4.13M,https://www.youtube.com/channel/UCOp8wkVqdrWbFYHjDv946QQ
NotYourAverageFlight,PUoGIPQ7M4NWai7LRgRhaSOg,3.56M,https://www.youtube.com/channel/UCoGIPQ7M4NWai7LRgRhaSOg
SÃ©an Garnier World freestyle football champion,PUIGIk1wN10aAPHusfE7AEPA,3.29M,https://www.youtube.com/channel/UCIGIk1wN10aAPHusfE7AEPA
Jesser,PUQIUhhcmXsu6cN6n3y9-Pww,3.29M,https://www.youtube.com/channel/UCQIUhhcmXsu6cN6n3y9-Pww
XHIT Daily,PUM1Nde-9eorUhq-teaWlgUA,3.27M,https://www.youtube.com/channel/UCM1Nde-9eorUhq-teaWlgUA
BlacktipH,PUL0L7RQ8mrO10OLRlWPoq6A,3.2M,https://www.youtube.com/channel/UCL0L7RQ8mrO10OLRlWPoq6A
Beyond Wrestling,PUy91SdPgEDZnCHHm5ag32yQ,3.08M,https://www.youtube.com/channel/UCy91SdPgEDZnCHHm5ag32yQ
Xavi ABCKids,PUAKmcRhxEELgGjHOZe0xCSw,3.06M,https://www.youtube.com/channel/UCAKmcRhxEELgGjHOZe0xCSw
Muscle Madness,PUlFbb1ouXVZzjMB9Yha5nAQ,3.06M,https://www.youtube.com/channel/UClFbb1ouXVZzjMB9Yha5nAQ
House of Highlights,PUqQo7ewe87aYAe7ub5UqXMw,2.97M,https://www.youtube.com/channel/UCqQo7ewe87aYAe7ub5UqXMw
fightTIPS,PUlKgO_YP3pcIVeav2g_k6hw,2.87M,https://www.youtube.com/channel/UClKgO_YP3pcIVeav2g_k6hw
Monster Energy,PUg1uYO329KcAEN-PQdoQMKQ,2.87M,https://www.youtube.com/channel/UCg1uYO329KcAEN-PQdoQMKQ
Ballislife,PU_zgOsTPdML6tol9hLYh4fQ,2.85M,https://www.youtube.com/channel/UC_zgOsTPdML6tol9hLYh4fQ
MLB,PUoLrcjPV5PbUrUyXq5mjc_A,2.87M,https://www.youtube.com/channel/UCoLrcjPV5PbUrUyXq5mjc_A
Haroon Twins,PUBK6_NMaKqeXQIf8F9qVUCw,2.81M,https://www.youtube.com/channel/UCBK6_NMaKqeXQIf8F9qVUCw
Jiggin' With Jordan,PUlqx4vYPFEKZD-i6VcL3qsw,2.73M,https://www.youtube.com/channel/UClqx4vYPFEKZD-i6VcL3qsw
ThrasherMagazine,PUt16NSYjauKclK67LCXvQyA,2.73M,https://www.youtube.com/channel/UCt16NSYjauKclK67LCXvQyA
TKHD,PUSpvzqzfRAJGAWcuYjxWRbw,2.69M,https://www.youtube.com/channel/UCSpvzqzfRAJGAWcuYjxWRbw
Soccer Stories - Oh My Goal,PUoNoB5_bbbmvVrlOoePltSA,2.65M,https://www.youtube.com/channel/UCoNoB5_bbbmvVrlOoePltSA
Global Cycling Network,PUuTaETsuCOkJ0H_GAztWt0Q,2.63M,https://www.youtube.com/channel/UCuTaETsuCOkJ0H_GAztWt0Q
Shoaib Akhtar,PUeWqACGRU5gT0BXeFhrixWA,2.64M,https://www.youtube.com/channel/UCeWqACGRU5gT0BXeFhrixWA
Bundesliga,PU6UL29enLNe4mqwTfAyeNuw,2.62M,https://www.youtube.com/channel/UC6UL29enLNe4mqwTfAyeNuw
STRELKA - Street Fight Championship,PU6uVHEgl379D_2a1kq0s6Kw,2.43M,https://www.youtube.com/channel/UC6uVHEgl379D_2a1kq0s6Kw
Kristopher London,PUUJ0Qif41Vfwds2Q_k6HO2g,2.37M,https://www.youtube.com/channel/UCUJ0Qif41Vfwds2Q_k6HO2g
WORKOUT,PU7t6QJ4u8qF8pI-vibX-BUQ,2.33M,https://www.youtube.com/channel/UC7t6QJ4u8qF8pI-vibX-BUQ
Hooked,PUX7-9i_uq-HjLHbRJiMwEng,2.29M,https://www.youtube.com/channel/UCX7-9i_uq-HjLHbRJiMwEng
Berm Peak,PUu8YylsPiu9XfaQC74Hr_Gw,2.25M,https://www.youtube.com/channel/UCu8YylsPiu9XfaQC74Hr_Gw
Brodie Smith,PUixstNkzkK0aUzo6N9OVl6Q,2.22M,https://www.youtube.com/channel/UCixstNkzkK0aUzo6N9OVl6Q
Hyperloop,PUGvF47lmhFeNQvj03puADVg,2.23M,https://www.youtube.com/channel/UCGvF47lmhFeNQvj03puADVg
Bleacher Report,PU9-OpMMVoNP5o10_Iyq7Ndw,2.2M,https://www.youtube.com/channel/UC9-OpMMVoNP5o10_Iyq7Ndw
Guru Mann Fitness,PUGMOauU8dOd4mv2bT3Tx57w,2.18M,https://www.youtube.com/channel/UCGMOauU8dOd4mv2bT3Tx57w
Workout 4D,PU8-9mdGBP5dtxEKJM2E9bHA,2.17M,https://www.youtube.com/channel/UC8-9mdGBP5dtxEKJM2E9bHA
ILoveBasketballTV,PUgP1mu1UXba9r2owhCHo--g,2.15M,https://www.youtube.com/channel/UCgP1mu1UXba9r2owhCHo--g
Overtime,PUPHKMJbis1c0R7d7WJQ35tA,2.14M,https://www.youtube.com/channel/UCPHKMJbis1c0R7d7WJQ35tA
ufcespanol,PUYXJFtx4SUkrb2p_8mhLPzQ,2.05M,https://www.youtube.com/channel/UCYXJFtx4SUkrb2p_8mhLPzQ
STREETBEEFS,PUCA9jYYLcoteMaqynrIAylA,2.04M,https://www.youtube.com/channel/UCCA9jYYLcoteMaqynrIAylA
Whistle,PUZFhj_r-MjoPCFVUo3E1ZRg,2.02M,https://www.youtube.com/channel/UCZFhj_r-MjoPCFVUo3E1ZRg
