Warner Movies On Demand,PUSydRCmlHx6na0zWscgAk9w,631K,https://www.youtube.com/channel/UCSydRCmlHx6na0zWscgAk9w
DisneyMoviesOnDemand,PUV3uIARCxZY6lWbeVVRZsKg,613K,https://www.youtube.com/channel/UCV3uIARCxZY6lWbeVVRZsKg
FHEfoxconnect,PU2U7EnFDIyvVIGEw3to4bAQ,279K,https://www.youtube.com/channel/UC2U7EnFDIyvVIGEw3to4bAQ
UniversalMoviesINTL,PU2QJf3QCNwYt8GeNPP5fJhg,212K,https://www.youtube.com/channel/UC2QJf3QCNwYt8GeNPP5fJhg
Fox InternationalROW,PU4aJuyLiUJ-1EYEXhzLt-Jw,162K,https://www.youtube.com/channel/UC4aJuyLiUJ-1EYEXhzLt-Jw
PeliculasDisneyMX,ID UNKNOWN,140K,https://www.youtube.com/channel/UCRDWpry7pLrKfcvgLJvtxkQ
Paramount Movies Digital,PUOwaTlA0nHlqMf4HBEWmLaw,127K,https://www.youtube.com/channel/UCOwaTlA0nHlqMf4HBEWmLaw
DisneyMoviesInternational,PUerLUUyhOHsXPYD69CpE4YQ,106K,https://www.youtube.com/channel/UCerLUUyhOHsXPYD69CpE4YQ
FHEDreamworksAnimate,PUnQpVvjJumk3iqyC1hp0WgQ,87.2K,https://www.youtube.com/channel/UCnQpVvjJumk3iqyC1hp0WgQ
mgmvod,PUqqTQy4ZyJNnqpevVfTTXzw,73.2K,https://www.youtube.com/channel/UCqqTQy4ZyJNnqpevVfTTXzw
entertainmentone,PUdAfgk0nBe_8rJi0gVCURlw,64.4K,https://www.youtube.com/channel/UCdAfgk0nBe_8rJi0gVCURlw
MarvelMoviesOnDemand,PULIL7-1R7fyZtZ787Zt_bsw,59.3K,https://www.youtube.com/channel/UCLIL7-1R7fyZtZ787Zt_bsw
discoveryfulleps,PUuDN9Ko6TmIj_imV3BQo0lQ,58.9K,https://www.youtube.com/channel/UCuDN9Ko6TmIj_imV3BQo0lQ
hbostore,PUvccyCUKrckTiSCA3R66yHA,56K,https://www.youtube.com/channel/UCvccyCUKrckTiSCA3R66yHA
TouchstoneOnDemand,PUICq3lpuKgAqzISlnfX4eVw,50.9K,https://www.youtube.com/channel/UCICq3lpuKgAqzISlnfX4eVw
FoxInternationalHEIN,PURCRZdzQbDpsshRPBJ9DoAA,25.9K,https://www.youtube.com/channel/UCRCRZdzQbDpsshRPBJ9DoAA
MagnoliaPicturesVOD,PU6YIqf9s4X8CIXaFHO0utvQ,25.3K,https://www.youtube.com/channel/UC6YIqf9s4X8CIXaFHO0utvQ
Imagestore,PUTy71hiVrhPWTO1MykeYTgA,22.7K,https://www.youtube.com/channel/UCTy71hiVrhPWTO1MykeYTgA
vivendientertainment,PUfb-_5KcNOZuxekQ7oeeHjA,22.4K,https://www.youtube.com/channel/UCfb-_5KcNOZuxekQ7oeeHjA
FHEsearchlightconnct,PUDUXlPnQtXCMFZXhbL3TA9Q,22.3K,https://www.youtube.com/channel/UCDUXlPnQtXCMFZXhbL3TA9Q
FoxInternationalHEIT,PUjVvc-3VtggwOxl5MuuXMrA,17.2K,https://www.youtube.com/channel/UCjVvc-3VtggwOxl5MuuXMrA
weinsteinvod,PUx5HL-cwvLWTuKNsskxhmdA,14.2K,https://www.youtube.com/channel/UCx5HL-cwvLWTuKNsskxhmdA
Fox International HEES,PUz1Gj8ydHQ0v0f-nwQNbr1A,13.2K,https://www.youtube.com/channel/UCz1Gj8ydHQ0v0f-nwQNbr1A
wellgousamovies,PUTDzna2gYolFFWVXHZA0_aA,11.7K,https://www.youtube.com/channel/UCTDzna2gYolFFWVXHZA0_aA
MillenniumVOD,PUA7HGKusSszd6FlDO8KLqlQ,11.3K,https://www.youtube.com/channel/UCA7HGKusSszd6FlDO8KLqlQ
HOLLYWOODPIXONDEMAND,PUI4bPKqhDlO_P4e6pAsY9TQ,9.3K,https://www.youtube.com/channel/UCI4bPKqhDlO_P4e6pAsY9TQ
Virgil Films and Entertainment,PU_8p9HMJ609xJ-Njxu-Rnmw,8.18K,https://www.youtube.com/channel/UC_8p9HMJ609xJ-Njxu-Rnmw
IndieRightsGlobalMovies,PUmCcBo4maIxDsqFPiMFi6ZQ,5.73K,https://www.youtube.com/channel/UCmCcBo4maIxDsqFPiMFi6ZQ
Distribber VOD,PUdu2INW2nubT42NuPjKTBsg,5.59K,https://www.youtube.com/channel/UCdu2INW2nubT42NuPjKTBsg
FoxInternationalHEDE,PUSRgzHs90-fjxtMo-ybO7Ag,5.17K,https://www.youtube.com/channel/UCSRgzHs90-fjxtMo-ybO7Ag
