Best Ever Food Review Show,PUcAd5Np7fO8SeejB1FVKcYw,6.78M,https://www.youtube.com/channel/UCcAd5Np7fO8SeejB1FVKcYw
Travel Thirsty,PUHKVXtT1YBCYUnnr4apqXfg,6.5M,https://www.youtube.com/channel/UCHKVXtT1YBCYUnnr4apqXfg
OmarGoshTV,PUq52Fv9Jn7js4neFjaju3Fg,3.83M,https://www.youtube.com/channel/UCq52Fv9Jn7js4neFjaju3Fg
Strictly Dumpling,PUXOKEdfOFxsHO_-Su3K8SHg,3.71M,https://www.youtube.com/channel/UCXOKEdfOFxsHO_-Su3K8SHg
Food Insider,PUwiTOchWeKjrJZw7S1H__1g,3.27M,https://www.youtube.com/channel/UCwiTOchWeKjrJZw7S1H__1g
Sam Chui,PUfYCRj25JJQ41JGPqiqXmJw,2.54M,https://www.youtube.com/channel/UCfYCRj25JJQ41JGPqiqXmJw
Drew Binsky,PU0Ize0RLIbGdH5x4wI45G-A,2.51M,https://www.youtube.com/channel/UC0Ize0RLIbGdH5x4wI45G-A
Nas Daily,PUJsUvAqDzczYv2UpFmu4PcA,2.47M,https://www.youtube.com/channel/UCJsUvAqDzczYv2UpFmu4PcA
KittiesMama,PUwMrVVdT2tS4_UjlqRFwQ9g,2.34M,https://www.youtube.com/channel/UCwMrVVdT2tS4_UjlqRFwQ9g
Kara and Nate,PU4ijq8Cg-8zQKx8OH12dUSw,2.25M,https://www.youtube.com/channel/UC4ijq8Cg-8zQKx8OH12dUSw
FUNG BROS.,PU9avFXTdbSo5ATvzTRnAVFg,2.16M,https://www.youtube.com/channel/UC9avFXTdbSo5ATvzTRnAVFg
Harald Baldr,PUKr68ZJ4vv6VloNdnS2hjhA,1.94M,https://www.youtube.com/channel/UCKr68ZJ4vv6VloNdnS2hjhA
Aden Films,PUu9g5OmzcCpcJnmSYyHnIVw,1.93M,https://www.youtube.com/channel/UCu9g5OmzcCpcJnmSYyHnIVw
shiey,PUpXwMqnXfJzazKS5fJ8nrVw,1.9M,https://www.youtube.com/channel/UCpXwMqnXfJzazKS5fJ8nrVw
RED FOOD,PUvWulTmPsyUscivbwE-xg2Q,1.85M,https://www.youtube.com/channel/UCvWulTmPsyUscivbwE-xg2Q
Lost LeBlanc,PUt_NLJ4McJlCyYM-dSPRo7Q,1.8M,https://www.youtube.com/channel/UCt_NLJ4McJlCyYM-dSPRo7Q
Theme Park Review,PUT-LpxQVr4JlrC_mYwJGJ3Q,1.7M,https://www.youtube.com/channel/UCT-LpxQVr4JlrC_mYwJGJ3Q
Gung Ho Vids,PUBeWGn3mho4_5Og6D4jHbXw,1.55M,https://www.youtube.com/channel/UCBeWGn3mho4_5Og6D4jHbXw
Collin Abroadcast,PUXsQlHGuoWqukC9vz-uonrg,1.4M,https://www.youtube.com/channel/UCXsQlHGuoWqukC9vz-uonrg
Disney Parks,PU1xwwLwm6WSMbUn_Tp597hQ,1.39M,https://www.youtube.com/channel/UC1xwwLwm6WSMbUn_Tp597hQ
SoCal Attractions 360,PUbDGvfJHf0r_WjS9voB8POA,1.36M,https://www.youtube.com/channel/UCbDGvfJHf0r_WjS9voB8POA
on the roofs,PUiBCfXg5HoSxWQ9vMXUJbgg,1.31M,https://www.youtube.com/channel/UCiBCfXg5HoSxWQ9vMXUJbgg
Inside the Magic,PUYdNtGaJkrtn04tmsmRrWlw,1.26M,https://www.youtube.com/channel/UCYdNtGaJkrtn04tmsmRrWlw
Rick Steves' Europe,PUchgIh8Tc4sTmBfnMQ5pDdg,1.25M,https://www.youtube.com/channel/UCchgIh8Tc4sTmBfnMQ5pDdg
CoasterForce,PUIxiXRZqUv9zYVM80cz6ZnA,1.21M,https://www.youtube.com/channel/UCIxiXRZqUv9zYVM80cz6ZnA
sweetandtastyTV,PU9aWBNR-mDNzgRsO3XLJ7uw,1.18M,https://www.youtube.com/channel/UC9aWBNR-mDNzgRsO3XLJ7uw
Just Planes,PUr8T9rFNMB3tLAW2TSFZc2A,1.14M,https://www.youtube.com/channel/UCr8T9rFNMB3tLAW2TSFZc2A
PraveenMohan,PUe3OmUXohXrXnNZSRl5Z9kA,1.12M,https://www.youtube.com/channel/UCe3OmUXohXrXnNZSRl5Z9kA
Vadhir Derbez,ID UNKNOWN,1.1M,https://www.youtube.com/channel/UCMpvkv7p_TQtqhj7M-X9rxw
The Kleb,PUkUCUr0wSV-eN2oRnTRS01g,1.08M,https://www.youtube.com/channel/UCkUCUr0wSV-eN2oRnTRS01g
Miss Mina,PU8hI77bH0VraIw6p2PHwivQ,1.07M,https://www.youtube.com/channel/UC8hI77bH0VraIw6p2PHwivQ
Johnny Harris,PUmGSJVG3mCRXVOP4yZrU1Dw,1.17M,https://www.youtube.com/channel/UCmGSJVG3mCRXVOP4yZrU1Dw
Sunty Dreams,PUV58hE-D4viqzIsGkJX-xtA,1.01M,https://www.youtube.com/channel/UCV58hE-D4viqzIsGkJX-xtA
Nate & Nessa The Explorers,PUgGwuSL-fVxZoztAR1oe5IQ,1.02M,https://www.youtube.com/channel/UCgGwuSL-fVxZoztAR1oe5IQ
TPMvids,PUMddDi4iCT8Rz8L0JL-bH7Q,1M,https://www.youtube.com/channel/UCMddDi4iCT8Rz8L0JL-bH7Q
Expedia,PUGaOvAFinZ7BCN_FDmw74fQ,992K,https://www.youtube.com/channel/UCGaOvAFinZ7BCN_FDmw74fQ
Jankari,PUageWcrf4cav7Xk7crIKrSQ,905K,https://www.youtube.com/channel/UCageWcrf4cav7Xk7crIKrSQ
MouseSteps / JWL Media,PUe-gHr2O_LP7t0YJYHZQZlg,902K,https://www.youtube.com/channel/UCe-gHr2O_LP7t0YJYHZQZlg
Amazing Places on Our Planet,PUYWJ32GJbOgtzU2uHh0OMCQ,889K,https://www.youtube.com/channel/UCYWJ32GJbOgtzU2uHh0OMCQ
TheTimTracker,PUoocMG5lMACNKgpvqKay2lg,841K,https://www.youtube.com/channel/UCoocMG5lMACNKgpvqKay2lg
Attractions Magazine,PUFpI4b_m-449cePVasc2_8g,837K,https://www.youtube.com/channel/UCFpI4b_m-449cePVasc2_8g
Юрий Гагарин - Russian war diggers,PU_XcL8d1lFZAlgTvDMK4leQ,822K,https://www.youtube.com/channel/UC_XcL8d1lFZAlgTvDMK4leQ
Car Experiment and More,PUvzPPaitFkyuJIrDv1NUBVw,821K,https://www.youtube.com/channel/UCvzPPaitFkyuJIrDv1NUBVw
Davidsbeenhere,PU9SSUKnJIJxUjTD3eBaymLQ,807K,https://www.youtube.com/channel/UC9SSUKnJIJxUjTD3eBaymLQ
TITLE NOT FOUND,ID UNKNOWN,UNKNOWN FOLLOWER COUNTE,https://www.youtube.com/channel/UCF0CxJWbKpjH8uTHgA-WSdQ
4K Relaxation Channel,PUg72Hd6UZAgPBAUZplnmPMQ,767K,https://www.youtube.com/channel/UCg72Hd6UZAgPBAUZplnmPMQ
Baby Gizmo,PURhB5KR5YBauHX9jUetkW_Q,753K,https://www.youtube.com/channel/UCRhB5KR5YBauHX9jUetkW_Q
Wolters World,PUFr3sz2t3bDp6Cux08B93KQ,741K,https://www.youtube.com/channel/UCFr3sz2t3bDp6Cux08B93KQ
Nature Relaxation Films,PU4lp9Emg1ci8eo2eDkB-Tag,742K,https://www.youtube.com/channel/UC4lp9Emg1ci8eo2eDkB-Tag
Nomadic Ambience,PUqRTj-Nu_8to3jIBlXptOtA,742K,https://www.youtube.com/channel/UCqRTj-Nu_8to3jIBlXptOtA
