Science,/r/6thForm/
Science,/r/ACT/
Activism,/r/activism/
Activism,/r/ActivismCAN/
Activism,/r/ActivismPlanning/
Activism,/r/ActivismTurkey/
Pets,/r/AdoptMeRBX/
Pets,/r/AdoptMeTrading/
Activism,/r/againstmensrights/
Entertainment,/r/amcstock/
Movies,/r/amcstock/
Gaming,/r/Amd/
Activism,/r/Anarchism/
Activism,/r/AnimalRights/
Entertainment,/r/anime/
Movies,/r/anime/
Music,/r/AppleMusic/
Sports,/r/AppleWatch/
Pets,/r/Aquariums/
Style,/r/architecture/
Style,/r/artcommissions/
Education,/r/AskHistorians/
Politics,/r/AskReddit/
Science,/r/askscience/
Science,/r/AskScienceDiscussion/
Activism,/r/atheism/
Politics,/r/atheism/
Politics,/r/australia/
Politics,/r/AustralianPolitics/
News,/r/aww/
Pets,/r/aww/
Activism,/r/aznidentity/
Travel,/r/backpacking/
Movies,/r/badMovies/
Entertainment,/r/bangtan/
Gaming,/r/bapcsalescanada/
Sports,/r/baseball/
Gaming,/r/battlestations/
Pets,/r/bettafish/
Movies,/r/blankies/
Gaming,/r/boardgames/
Movies,/r/BollyBlindsNGossip/
Movies,/r/bollywood/
Entertainment,/r/boxoffice/
Movies,/r/boxoffice/
Activism,/r/BrexitActivism/
Gaming,/r/buildapc/
Gaming,/r/buildapcforme/
Gaming,/r/buildapcsales/
Gaming,/r/buildmeapc/
Comedy,/r/Buttcoin/
News,/r/canada/
Politics,/r/canada/
Politics,/r/CanadaPolitics/
Politics,/r/Catholicism/
Pets,/r/cats/
Sports,/r/CFB/
Education,/r/changemyview/
Sports,/r/chelseafc/
Education,/r/chemistry/
Pets,/r/childfree/
Music,/r/classicalmusic/
Activism,/r/climateskeptics/
Science,/r/climateskeptics/
Sports,/r/CollegeBasketball/
Comedy,/r/comedy/
Comedy,/r/comedybangbang/
Comedy,/r/ComedyCemetery/
Comedy,/r/comedyheaven/
Comedy,/r/ComedyHell/
Comedy,/r/comedyhomicide/
Comedy,/r/comedymutation/
Comedy,/r/comedynecromancy/
Comedy,/r/ComedyNecrophilia/
Entertainment,/r/comicbooks/
Music,/r/composer/
Science,/r/compsci/
Science,/r/computerscience/
News,/r/Conservative/
Politics,/r/Conservative/
Activism,/r/conspiracy/
News,/r/conspiracy/
Politics,/r/conspiracy/
Science,/r/conspiracy/
Activism,/r/ConspiracyActivism/
News,/r/Coronavirus/
Sports,/r/coys/
Sports,/r/Cricket/
Movies,/r/criterion/
Science,/r/cscareerquestions/
Comedy,/r/dankmemes/
Entertainment,/r/dankmemes/
Science,/r/datascience/
Movies,/r/DC_Cinematic/
Travel,/r/digitalnomad/
Sports,/r/discgolf/
Pets,/r/dogs/
Gaming,/r/DotA2/
Style,/r/DrawForMe/
Style,/r/drawing/
Sports,/r/Dualsport/
Movies,/r/dvdcollection/
Comedy,/r/Earwolf/
Education,/r/Economics/
Music,/r/edmproduction/
Education,/r/Education_/
Education,/r/education/
Music,/r/electronicmusic/
Politics,/r/Enough_Sanders_Spam/
Politics,/r/enoughsandersspam/
Politics,/r/EnoughTrumpSpam/
Entertainment,/r/entertainment/
Entertainment,/r/entertainmentnews/
Activism,/r/environment/
Science,/r/environment/
Sports,/r/esports/
Politics,/r/europe/
Science,/r/EverythingScience/
Activism,/r/exjw/
Education,/r/exmormon/
Science,/r/exmormon/
Pets,/r/Eyebleach/
Education,/r/facepalm/
Activism,/r/fatlogic/
Style,/r/femalefashionadvice/
Movies,/r/flicks/
Style,/r/food/
Style,/r/FoodPorn/
Sports,/r/formula1/
Music,/r/Frisson/
Entertainment,/r/funkopop/
Comedy,/r/funny/
Entertainment,/r/funny/
Style,/r/furry/
Science,/r/Futurology/
Gaming,/r/gamecollecting/
Music,/r/gamemusic/
Gaming,/r/Games/
Gaming,/r/gaming/
Sports,/r/gaming/
Gaming,/r/Gaming4Gamers/
Gaming,/r/Gamingcirclejerk/
Gaming,/r/GamingLaptops/
Gaming,/r/gamingpc/
Gaming,/r/gamingsetups/
Gaming,/r/gaymersgonewild/
Science,/r/GCSE/
Activism,/r/GenderCynical/
Gaming,/r/GirlGamers/
Gaming,/r/GlobalOffensive/
Movies,/r/GODZILLA/
Entertainment,/r/gonewild/
Music,/r/Guitar/
Sports,/r/Gunners/
Politics,/r/guns/
Gaming,/r/hardware/
Gaming,/r/hardwareswap/
Movies,/r/harrypotter/
Gaming,/r/HeadphoneAdvice/
Activism,/r/HerpesCureResearch/
Education,/r/highereducation/
Music,/r/hiphopheads/
News,/r/hockey/
Sports,/r/hockey/
Movies,/r/horror/
Entertainment,/r/HotWheels/
Pets,/r/hyenas/
Entertainment,/r/IAmA/
Politics,/r/india/
Gaming,/r/IndianGaming/
Politics,/r/IndiaSpeaks/
Music,/r/indieheads/
Gaming,/r/InsideGaming/
Pets,/r/ironscape/
Movies,/r/JamesBond/
Comedy,/r/JoeRogan/
Music,/r/Kanye/
Science,/r/KerbalSpaceProgram/
Gaming,/r/KotakuInAction/
Politics,/r/KotakuInAction/
Entertainment,/r/kpop/
Music,/r/kpop/
Politics,/r/LabourUK/
Gaming,/r/LaptopDeals/
Gaming,/r/leagueoflegends/
Style,/r/learnart/
Music,/r/LetsTalkMusic/
Movies,/r/Letterboxd/
Music,/r/lewronggeneration/
Sports,/r/Lexus/
Activism,/r/lgbt/
Politics,/r/Libertarian/
Music,/r/lingling40hrs/
Gaming,/r/linux_gaming/
Sports,/r/LiverpoolFC/
Education,/r/lostgeneration/
Movies,/r/lotr/
Pets,/r/MadeMeSmile/
Science,/r/magicskyfairy/
Style,/r/malefashionadvice/
Style,/r/malehairadvice/
Travel,/r/MapPorn/
Movies,/r/Marvel/
Entertainment,/r/marvelstudios/
Movies,/r/marvelstudios/
Education,/r/math/
Gaming,/r/MechanicalKeyboards/
Comedy,/r/memes/
Entertainment,/r/memes/
Activism,/r/MensRights/
Politics,/r/metacanada/
Music,/r/Metalcore/
Sports,/r/MLS/
Sports,/r/MMA/
Gaming,/r/Monitors/
Music,/r/Monstercat/
Gaming,/r/MouseReview/
Entertainment,/r/movies/
Movies,/r/movies/
Movies,/r/moviescirclejerk/
Movies,/r/Moviesinthemaking/
Movies,/r/MovieSuggestions/
Music,/r/Music/
Music,/r/musictheory/
Sports,/r/NASCAR/
News,/r/nba/
Sports,/r/nba/
Politics,/r/neoliberal/
Pets,/r/neopets/
Movies,/r/netflix/
Movies,/r/NetflixBestOf/
Education,/r/NetflixSexEducation/
News,/r/news/
News,/r/newsbloopers/
News,/r/newzealand/
Politics,/r/newzealand/
News,/r/nfl/
Sports,/r/nfl/
Pets,/r/NoMansSkyTheGame/
Gaming,/r/nvidia/
Travel,/r/onebag/
Movies,/r/opendirectories/
Gaming,/r/OpTicGaming/
Activism,/r/OutdoorActivism/
Pets,/r/parrots/
Gaming,/r/patientgamers/
Gaming,/r/pcgaming/
Gaming,/r/pcmasterrace/
Pets,/r/Petloss/
Pets,/r/pets_and_ownwers/
Pets,/r/Pets/
Pets,/r/PetsareAmazing/
Pets,/r/PetTheDamnCat/
Pets,/r/PetTheDamnDog/
Gaming,/r/PewdiepieSubmissions/
Politics,/r/Philippines/
Science,/r/PhilosophyofScience/
Style,/r/photocritique/
Education,/r/Physics/
Music,/r/piano/
News,/r/pics/
Travel,/r/pics/
Style,/r/PixelArt/
Style,/r/Pizza/
Music,/r/playboicarti/
Movies,/r/PleX/
Politics,/r/PoliticalCompassMemes/
Politics,/r/PoliticalDiscussion/
Politics,/r/PoliticalHumor/
News,/r/politics/
Politics,/r/politics/
Politics,/r/PoliticsNSFW/
Politics,/r/PoliticsPDFs/
Music,/r/popheads/
Movies,/r/PrequelMemes/
Politics,/r/PrequelMemes/
Gaming,/r/R6ProLeague/
Pets,/r/Rabbits/
Pets,/r/RATS/
Sports,/r/reddevils/
Style,/r/redditgetsdrawn/
Music,/r/RedditSessions/
Gaming,/r/retrogaming/
Politics,/r/Romania/
Pets,/r/RotMG/
Sports,/r/rugbyunion/
Comedy,/r/rupaulsdragrace/
Entertainment,/r/rupaulsdragrace/
Movies,/r/saltierthancrait/
Politics,/r/SandersForPresident/
News,/r/science/
Science,/r/science/
Science,/r/sciencefiction/
Science,/r/ScienceNCoolThings/
Science,/r/scienceofdeduction/
Science,/r/ScienceTeachers/
Movies,/r/scifi/
Science,/r/scifi/
Entertainment,/r/SCJerk/
Politics,/r/ShitPoliticsSays/
Travel,/r/Shoestring/
Music,/r/Showerthoughts/
Science,/r/skeptic/
News,/r/soccer/
Sports,/r/soccer/
Travel,/r/solotravel/
Science,/r/space/
Sports,/r/sports/
Sports,/r/sportsbetting/
Sports,/r/sportsbook/
Sports,/r/sportsbrasGW/
Music,/r/spotify/
Entertainment,/r/SquaredCircle/
Sports,/r/SquaredCircle/
Style,/r/SquaredCircle/
Comedy,/r/Standup/
Comedy,/r/StandUpComedy/
Gaming,/r/starcraft/
Movies,/r/StarWars/
Gaming,/r/StopGaming/
Style,/r/streetwear/
Activism,/r/StudentActivism/
Politics,/r/stupidpol/
Style,/r/style/
Sports,/r/subaru/
Politics,/r/SubredditDrama/
Gaming,/r/SuggestALaptop/
Music,/r/synthesizers/
Style,/r/tattoos/
Education,/r/Teachers/
Gaming,/r/teenagers/
Politics,/r/teenagers/
Style,/r/teenagers/
Entertainment,/r/television/
Gaming,/r/tf2/
Comedy,/r/thefighterandthekid/
Activism,/r/TimDillon/
Travel,/r/timetravel/
Education,/r/todayilearned/
Entertainment,/r/todayilearned/
News,/r/todayilearned/
Politics,/r/TopMindsOfReddit/
Travel,/r/travel/
Travel,/r/TravelHacks/
Travel,/r/TravelNoPics/
Travel,/r/TravelNursing/
Entertainment,/r/TrollXOver30/
Gaming,/r/truegaming/
Entertainment,/r/TwoBestFriendsPlay/
News,/r/ukpolitics/
Politics,/r/ukpolitics/
Politics,/r/undelete/
Politics,/r/unitedkingdom/
Politics,/r/unpopularopinion/
Activism,/r/vegan/
Activism,/r/VeganActivism/
Activism,/r/vegancirclejerk/
Activism,/r/VeganForCircleJerkers/
Style,/r/vexillology/
Style,/r/vexillologycirclejerk/
Entertainment,/r/videos/
Movies,/r/videos/
Music,/r/vinyl/
Politics,/r/WayOfTheBern/
Music,/r/WeAreTheMusicMakers/
Entertainment,/r/woodworking/
Style,/r/woodworking/
News,/r/worldnews/
Politics,/r/worldnews/
Politics,/r/worldpolitics/
Entertainment,/r/xboxone/
Gaming,/r/xboxone/
Music,/r/XXXTENTACION/
Politics,/r/YangForPresidentHQ/
Music,/r/YoutubeMusic/
News and Politics,2016Elections
News and Politics,4chan4trump
News and Politics,AmericanPolitics
News and Politics,Ask_Politics
News and Politics,AskConservatives
News and Politics,AskDemocrats
News and Politics,askhillarysupporters
News and Politics,Askpolitics
News and Politics,badlawyer
News and Politics,Bernie_Sanders
News and Politics,BernieSanders
News and Politics,both_sides
News and Politics,ColoradoForSanders
News and Politics,ConservativeLounge
News and Politics,csci040
News and Politics,Democrats2020
News and Politics,DemocratsUnbiased
News and Politics,Donald_Trump
News and Politics,DonaldTrumpWhiteHouse
News and Politics,ElectionPolls
News and Politics,electionReformNews
News and Politics,ElizabethWarren
News and Politics,foreignpolicy
News and Politics,GreenPartyOfCanada
News and Politics,HUFFPOauto
News and Politics,ImpeachmentWatch
News and Politics,JoeBiden
News and Politics,Kamala
News and Politics,KasichForPresident
News and Politics,LawandCrime
News and Politics,MAGAWars
News and Politics,Marco_Rubio
News and Politics,ModelUSElections
News and Politics,NewsWhatever
News and Politics,NewYorkForBernie
News and Politics,obama
News and Politics,Political_Discussion
News and Politics,POTUSWatch
News and Politics,PresidentWarren
News and Politics,preztest2
News and Politics,ProgressiveActivists
Music,r/musicals/
News and Politics,rageagainstthetoupee
News and Politics,Reform_The_DNC
News and Politics,RepublicansForSanders
News and Politics,RIPpolitics
News and Politics,ShittyEmails
News and Politics,SocialDemocracy
News and Politics,SocialismAndVeganism
News and Politics,StateoftheUnionNONF
category,subreddit
News and Politics,TedCruzForPresident
News and Politics,The_Donald_Discuss
News and Politics,THEHILLauto
News and Politics,True_AskAConservative
News and Politics,trump16
News and Politics,TrumpsTrain
News and Politics,tulsi
News and Politics,TweetArchiver
News and Politics,USbills
News and Politics,Voting
News and Politics,WhiteHouseHyperReal